seed,period,n,f1,auroc
0,full,4592,0.7679069767441861,0.8645548310669713
0,cutoff,1410,0.7795823665893271,0.881472306076913
0,post,3182,0.7628865979381443,0.8563664051537185
1,full,4592,0.770552717138876,0.8663597826687794
1,cutoff,1410,0.782675947409126,0.8815892013387584
1,post,3182,0.7653501493528045,0.8588334369817578
2,full,4592,0.7730975098906213,0.8660853164001081
2,cutoff,1410,0.7867078825347759,0.8822905729098306
2,post,3182,0.7672327672327672,0.8580863710294679
3,full,4592,0.7707362534948742,0.8671718573420303
3,cutoff,1410,0.7903351519875292,0.8883219582622391
3,post,3182,0.7623795280824194,0.8563269390228345
4,full,4592,0.7673659673659674,0.8658899271263266
4,cutoff,1410,0.7925696594427245,0.8898292919018245
4,post,3182,0.7565043362241495,0.853948207679551
5,full,4592,0.7666666666666667,0.8635838346661262
5,cutoff,1410,0.7812018489984591,0.8807791376821107
5,post,3182,0.7604235605559232,0.8546043819364715
6,full,4592,0.7681193195059427,0.8650189285758156
6,cutoff,1410,0.7778643803585347,0.880036750229689
6,post,3182,0.7639627659574468,0.8571326061997704
7,full,4592,0.7675650771711587,0.863044114982557
7,cutoff,1410,0.7830769230769231,0.8831016619635124
7,post,3182,0.7609339033212759,0.8529003619721903
8,full,4592,0.7713421725982786,0.8663839664099352
8,cutoff,1410,0.7851622874806801,0.8854600751410946
8,post,3182,0.7653910149750416,0.857009025385891
9,full,4592,0.7687265917602997,0.8640270113195263
9,cutoff,1410,0.7863777089783281,0.8819706490353065
9,post,3182,0.7610738255033557,0.8553147722923844
10,full,4592,0.7710508002783577,0.86524339591932
10,cutoff,1410,0.7780355761794276,0.8788360103031895
10,post,3182,0.7680583167660703,0.8579586044138283
11,full,4592,0.7689095127610209,0.8649723844708137
11,cutoff,1410,0.7805255023183926,0.8783274133744586
11,post,3182,0.7639257294429708,0.8581397898328869
12,full,4592,0.7706336216974515,0.8690532948236046
12,cutoff,1410,0.7897595034910784,0.8890305076125475
12,post,3182,0.7623828647925034,0.8596365129480802
13,full,4592,0.7682613768961494,0.8643842013377063
13,cutoff,1410,0.7929176289453426,0.884481846370915
13,post,3182,0.7575351640991292,0.8548220436280138
14,full,4592,0.7695540508989026,0.8663503778805522
14,cutoff,1410,0.7887323943661971,0.8839476145163407
14,post,3182,0.7613976705490848,0.8571334034953438
15,full,4592,0.7661252900232018,0.8634470813679245
15,cutoff,1410,0.7765793528505393,0.8802479820186375
15,post,3182,0.7616201859229748,0.8553612147595357
16,full,4592,0.7690160502442428,0.8674867258131879
16,cutoff,1410,0.7906976744186046,0.8904578602835018
16,post,3182,0.7597208374875374,0.8560429024748054
17,full,4592,0.7632984901277584,0.8623079503857114
17,cutoff,1410,0.781733746130031,0.8851955227063919
17,post,3182,0.755393295718553,0.8509701093889527
18,full,4592,0.769087955442098,0.8663435642074488
18,cutoff,1410,0.7888198757763976,0.8873847453734085
18,post,3182,0.7606752730883813,0.8557487004082154
19,full,4592,0.7654435671156525,0.8651668140723271
19,cutoff,1410,0.7910216718266254,0.8884890979787374
19,post,3182,0.7544790975447909,0.8534921546115577
20,full,4592,0.7682273468436991,0.8659990418632075
20,cutoff,1410,0.7881619937694704,0.8861675990943694
20,post,3182,0.7597208374875374,0.8558575312539864
21,full,4592,0.7676955210025528,0.8636435262812009
21,cutoff,1410,0.7923076923076923,0.8864690658222862
21,post,3182,0.7570621468926554,0.8525122783518306
22,full,4592,0.7636026858068997,0.8624517092914701
22,cutoff,1410,0.7751937984496124,0.8773655909568185
22,post,3182,0.7586662264773852,0.854657003444317
23,full,4592,0.7703738100766194,0.8680256777589427
23,cutoff,1410,0.7879256965944272,0.8868566659010368
23,post,3182,0.7628524046434494,0.8587339743589744
24,full,4592,0.7743888242142025,0.8675259764089525
24,cutoff,1410,0.7885360185902401,0.8844695416065101
24,post,3182,0.7683089214380826,0.8593686216354127
25,full,4592,0.7660368556099837,0.8616285024199096
25,cutoff,1410,0.7792408985282726,0.8792841088069301
25,post,3182,0.760347129506008,0.8529771016711316
26,full,4592,0.7664420171973042,0.8645544471980641
26,cutoff,1410,0.7947122861586314,0.8865695547315922
26,post,3182,0.7543917799138217,0.8532705064421482
27,full,4592,0.7688734030197445,0.8652430120504128
27,cutoff,1410,0.7937984496124031,0.8859081736448354
27,post,3182,0.7582089552238805,0.8551644820767955
28,full,4592,0.7725481103640157,0.8684973566787049
28,cutoff,1410,0.7882534775888718,0.8926727178763616
28,post,3182,0.7658164955283207,0.8563955064421482
29,full,4592,0.7667672313761894,0.863371363225973
29,cutoff,1410,0.7881619937694704,0.8830842302139389
29,post,3182,0.7576859504132232,0.8530972939788237
30,full,4592,0.7656322371468273,0.8621592971513856
30,cutoff,1410,0.786046511627907,0.8828104492059325
30,post,3182,0.7569352708058125,0.8518122528383723
31,full,4592,0.7691948658109685,0.8659237075901631
31,cutoff,1410,0.7925407925407926,0.8853513830555191
31,post,3182,0.7591727818545697,0.8558445752009185
32,full,4592,0.7670401493930906,0.8645938897282822
32,cutoff,1410,0.7782945736434108,0.8848653448615303
32,post,3182,0.7621910487641951,0.854596807628524
33,full,4592,0.7713025307638728,0.8657125796911852
33,cutoff,1410,0.7981293842556508,0.8871417262764143
33,post,3182,0.7599206349206349,0.8546318886337543
34,full,4592,0.7709445346948248,0.8693481061443593
34,cutoff,1410,0.7928348909657321,0.8944476801417509
34,post,3182,0.7616528925619834,0.8565543675851511
35,full,4592,0.7676532276858541,0.8647854403129914
35,cutoff,1410,0.7805255023183926,0.8818701601260007
35,post,3182,0.7620954287620955,0.8563658071820386
36,full,4592,0.7707362534948742,0.8663951945754716
36,cutoff,1410,0.7807900852052673,0.882843261911012
36,post,3182,0.7664111962679107,0.8579691685801761
37,full,4592,0.7723369691343699,0.867274062438581
37,cutoff,1410,0.7910216718266254,0.888020491534322
37,post,3182,0.7643354325488896,0.8570480928689884
38,full,4592,0.7715736040609137,0.8660703455127261
38,cutoff,1410,0.7950116913484022,0.8862096403727523
38,post,3182,0.7617174696820714,0.855429582854956
39,full,4592,0.7690515031461198,0.8652321677537835
39,cutoff,1410,0.783011583011583,0.882888379380496
39,post,3182,0.7630173564753004,0.8569001945401199
40,full,4592,0.7657196087564043,0.8624124586957056
40,cutoff,1410,0.7885360185902401,0.8847792115106969
40,post,3182,0.755910755910756,0.8511349502487562
41,full,4592,0.7714219005370068,0.8675143643745087
41,cutoff,1410,0.7863247863247863,0.8838819891061819
41,post,3182,0.7650200267022697,0.8596205670366118
42,full,4592,0.7712082262210797,0.8667725377112814
42,cutoff,1410,0.7865519937451134,0.8858138371177319
42,post,3182,0.7646666666666667,0.8568202656588851
43,full,4592,0.7708670520231213,0.866675226943298
43,cutoff,1410,0.7906976744186046,0.8840583573959837
43,post,3182,0.7624382207578254,0.8578338276565889
44,full,4592,0.767719298245614,0.8663180369251179
44,cutoff,1410,0.7822706065318819,0.8806407090825568
44,post,3182,0.761458681833389,0.8589442610664625
45,full,4592,0.7647331786542924,0.8630714656421974
45,cutoff,1410,0.7833461835003855,0.8830791032287701
45,post,3182,0.7567208762031198,0.8537002487562189
46,full,4592,0.7707317073170732,0.8651830325336576
46,cutoff,1410,0.7857142857142857,0.8821306109725686
46,post,3182,0.7643354325488896,0.8565950296593953
47,full,4592,0.7765635898628226,0.8703125767737814
47,cutoff,1410,0.7867078825347759,0.8869540786192414
47,post,3182,0.7721982041902228,0.8623265882127823
48,full,4592,0.7676579925650557,0.8635162737384532
48,cutoff,1410,0.7836166924265843,0.8832318873867963
48,post,3182,0.760797342192691,0.8538060897435896
49,full,4592,0.7692307692307693,0.8641144374631486
49,cutoff,1410,0.7891891891891892,0.887829767686048
49,post,3182,0.7606752730883813,0.8520018098609518
