event_id,count,positive,acc,f1,recall,fpr,tp,fp,fn,tn,auroc,mean_prob1,event_time_min,latitude_mean,longitude_mean
av320250917t175444|2025-09-17T17:54:44Z,3,0,0.6666666666666666,0.0,0.0,0.3333333333333333,0,1,0,2,,0.29858,2025-09-17 17:54:44+00:00,37.75793846002922,-121.63924797413388
av320250917t182057|2025-09-17T18:20:57Z,32,0,0.71875,0.0,0.0,0.28125,0,9,0,23,,0.364088125,2025-09-17 18:20:57+00:00,38.52255130081677,-121.18962461533783
tan20250806t072424c58s4001|2025-08-06T07:24:24Z,48,0,0.9375,0.0,0.0,0.0625,0,3,0,45,,0.18305291666666665,2025-08-06 07:24:24+00:00,38.26605634764531,62.61111524074974
tan20250808t165744c56s4001|2025-08-08T16:57:44Z,171,64,0.9766081871345029,0.9696969696969697,1.0,0.037383177570093455,64,4,0,103,0.9913843457943925,0.44906350877192985,2025-08-08 16:57:44+00:00,39.69361385767429,-80.44264958994827
tan20250810t075114c88s4001|2025-08-10T07:51:14Z,192,96,0.6302083333333334,0.432,0.28125,0.020833333333333332,27,2,69,94,0.6330295138888887,0.23786494791666668,2025-08-10 07:51:14+00:00,39.557602578314906,57.76423350003902
tan20250814t081013c92s4001|2025-08-14T08:10:13Z,16,0,1.0,0.0,0.0,0.0,0,0,0,16,,0.1672175,2025-08-14 08:10:13+00:00,70.3610628606537,68.50887047878697
tan20250814t095205c00s4001|2025-08-14T09:52:05Z,32,0,0.78125,0.0,0.0,0.21875,0,7,0,25,,0.32479875,2025-08-14 09:52:05+00:00,38.531661775724416,27.066857228580105
tan20250816t175805c89s4001|2025-08-16T17:58:05Z,32,16,0.875,0.8888888888888888,1.0,0.25,16,4,0,12,0.98828125,0.5637800000000001,2025-08-16 17:58:05+00:00,16.978608297033333,-99.83374725511784
tan20250820t152927c17s4001|2025-08-20T15:29:27Z,32,16,0.8125,0.8421052631578947,1.0,0.375,16,6,0,10,0.91796875,0.633984375,2025-08-20 15:29:27+00:00,-24.855510130695293,-65.38019205610249
tan20250821t112530c67s4001|2025-08-21T11:25:30Z,96,48,0.8229166666666666,0.8,0.7083333333333334,0.0625,34,3,14,45,0.8993055555555556,0.4633084375,2025-08-21 11:25:30+00:00,41.54926527545023,1.8519577795717528
tan20250821t112719c45s4001|2025-08-21T11:27:19Z,32,16,0.71875,0.7804878048780488,1.0,0.5625,16,9,0,7,0.90234375,0.67730625,2025-08-21 11:27:19+00:00,35.67833634814042,-0.451870123791565
tan20250824t075327c46s4001|2025-08-24T07:53:27Z,96,48,0.6666666666666666,0.7377049180327869,0.9375,0.6041666666666666,45,29,3,19,0.849826388888889,0.6589857291666666,2025-08-24 07:53:27+00:00,39.33533623379723,54.14875149359512
tan20250824t171806c83s4001|2025-08-24T17:18:06Z,16,0,1.0,0.0,0.0,0.0,0,0,0,16,,0.25753125,2025-08-24 17:18:06+00:00,21.267688347403308,-86.92434822434883
tan20250824t184354c83s4001|2025-08-24T18:43:54Z,64,32,0.921875,0.9180327868852459,0.875,0.03125,28,1,4,31,0.9794921875,0.5012489062500001,2025-08-24 18:43:54+00:00,48.18150836573777,-103.08851845893336
tan20250825t090336c57s4001|2025-08-25T09:03:36Z,64,32,0.796875,0.8311688311688312,1.0,0.40625,32,13,0,19,0.943359375,0.654678125,2025-08-25 09:03:36+00:00,-26.13708820026855,28.102314932512133
tan20250826t111457c57s4001|2025-08-26T11:14:57Z,3,0,1.0,0.0,0.0,0.0,0,0,0,3,,0.14076666666666668,2025-08-26 11:14:57+00:00,32.51523166038996,6.710866965229087
tan20250827t182223c99s4001|2025-08-27T18:22:23Z,222,96,0.8063063063063063,0.8170212765957446,1.0,0.3412698412698413,96,43,0,83,0.9700314153439153,0.6202211261261262,2025-08-27 18:22:23+00:00,31.899352698386554,-103.94592439662907
tan20250831t172047c70s4001|2025-08-31T17:20:47Z,16,0,0.875,0.0,0.0,0.125,0,2,0,14,,0.2648,2025-08-31 17:20:47+00:00,13.86079344789536,-89.22246569797107
tan20250831t184456c74s4001|2025-08-31T18:44:56Z,32,16,0.96875,0.9696969696969697,1.0,0.0625,16,1,0,15,1.0,0.490824375,2025-08-31 18:44:56+00:00,48.2858851475512,-103.32102695187842
tan20250903t135718c90s4001|2025-09-03T13:57:18Z,128,64,0.8671875,0.8811188811188811,0.984375,0.25,63,16,1,48,0.956298828125,0.5874400000000001,2025-09-03 13:57:18+00:00,-22.750899865963138,-43.73809727295936
tan20250903t164903c08s4001|2025-09-03T16:49:03Z,12,0,0.8333333333333334,0.0,0.0,0.16666666666666666,0,2,0,10,,0.32574166666666665,2025-09-03 16:49:03+00:00,34.97840283187575,-78.46438396924336
tan20250904t191554c00s4001|2025-09-04T19:15:54Z,64,32,0.84375,0.8648648648648649,1.0,0.3125,32,10,0,22,0.998046875,0.6131021875,2025-09-04 19:15:54+00:00,34.72011520652959,-114.47893919906612
tan20250907t142314c73s4001|2025-09-07T14:23:14Z,64,32,0.609375,0.7191011235955056,1.0,0.78125,32,25,0,7,0.9677734375,0.7930718750000001,2025-09-07 14:23:14+00:00,-15.859870284860598,-48.15599322928901
tan20250907t185122c25s4001|2025-09-07T18:51:22Z,16,0,1.0,0.0,0.0,0.0,0,0,0,16,,0.25855625000000004,2025-09-07 18:51:22+00:00,29.251325577168103,-111.06178713918374
tan20250908t040956c76s4001|2025-09-08T04:09:56Z,22,0,0.7272727272727273,0.0,0.0,0.2727272727272727,0,6,0,16,,0.3562540909090908,2025-09-08 04:09:56+00:00,35.61165109248989,112.6117030114276
tan20250909t080902c64s4001|2025-09-09T08:09:02Z,80,32,0.6125,0.5373134328358209,0.5625,0.3541666666666667,18,17,14,31,0.7376302083333333,0.47680637499999995,2025-09-09 08:09:02+00:00,39.33367616786103,54.13435164365784
tan20250911t064902c24s4001|2025-09-11T06:49:02Z,32,16,0.46875,0.0,0.0,0.0625,0,1,16,15,0.18359375,0.194360625,2025-09-11 06:49:02+00:00,40.87632420766769,71.58691559684888
tan20250912t091816c64s4001|2025-09-12T09:18:16Z,48,16,0.8333333333333334,0.8,1.0,0.25,16,8,0,24,0.994140625,0.5024177083333333,2025-09-12 09:18:16+00:00,30.23612603938604,31.502925261477884
tan20250913t085200c02s4001|2025-09-13T08:52:00Z,32,16,1.0,1.0,1.0,0.0,16,0,0,16,1.0,0.5764759374999999,2025-09-13 08:52:00+00:00,-21.3186274179996,34.866326192055084
tan20250914t142425c73s4001|2025-09-14T14:24:25Z,47,16,0.7446808510638298,0.7272727272727273,1.0,0.3870967741935484,16,12,0,19,1.0,0.6246261702127658,2025-09-14 14:24:25+00:00,-16.720393518472154,-49.39432193716435
tan20250915t194125c44s4001|2025-09-15T19:41:25Z,64,32,0.9375,0.9411764705882353,1.0,0.125,32,4,0,28,0.98828125,0.49693671875,2025-09-15 19:41:25+00:00,45.81015562348737,-120.17455231774217
tan20250916t081222c80s4001|2025-09-16T08:12:22Z,112,48,0.6607142857142857,0.6607142857142857,0.7708333333333334,0.421875,37,27,11,37,0.8177083333333334,0.588689107142857,2025-09-16 08:12:22+00:00,30.349437665203627,50.03509048231888
tan20250918t005528c02s4001|2025-09-18T00:55:28Z,128,64,0.796875,0.8311688311688312,1.0,0.40625,64,26,0,38,0.883544921875,0.662267421875,2025-09-18 00:55:28+00:00,-33.878098714276085,150.76267638699304
tan20250919t170655c65s4001|2025-09-19T17:06:55Z,32,16,0.65625,0.5217391304347826,0.375,0.0625,6,1,10,15,0.9375,0.3827984375,2025-09-19 17:06:55+00:00,26.16435673125072,-81.65977804018121
tan20250920t100944c19s4001|2025-09-20T10:09:44Z,32,16,0.96875,0.9696969696969697,1.0,0.0625,16,1,0,15,1.0,0.581641875,2025-09-20 10:09:44+00:00,40.85075732217072,23.08266128668302
tan20250921t092815c17s4001|2025-09-21T09:28:15Z,32,16,0.625,0.6,0.5625,0.3125,9,5,7,11,0.65625,0.42212312499999993,2025-09-21 09:28:15+00:00,48.065080776685846,37.92158648687709
tan20250921t110430c42s4001|2025-09-21T11:04:30Z,32,16,0.84375,0.8648648648648649,1.0,0.3125,16,5,0,11,1.0,0.6385293750000001,2025-09-21 11:04:30+00:00,35.76922001397101,10.45998952615767
tan20250921t110602c97s4001|2025-09-21T11:06:02Z,32,16,1.0,1.0,1.0,0.0,16,0,0,16,1.0,0.531146875,2025-09-21 11:06:02+00:00,28.650630261492125,7.683457156409986
tan20250922t180834c89s4001|2025-09-22T18:08:34Z,64,32,0.796875,0.7936507936507936,0.78125,0.1875,25,6,7,26,0.9267578125,0.45996703125000005,2025-09-22 18:08:34+00:00,46.8888518037635,-96.86444751166226
tan20251002t113418c72s4001|2025-10-02T11:34:18Z,16,0,1.0,0.0,0.0,0.0,0,0,0,16,,0.205725,2025-10-02 11:34:18+00:00,29.822980668663632,0.5687130900940929
tan20251011t180457c82s4001|2025-10-11T18:04:57Z,32,16,0.9375,0.9411764705882353,1.0,0.125,16,2,0,14,1.0,0.5626037500000001,2025-10-11 18:04:57+00:00,19.653753995261965,-99.27778400423313
tan20251012t062639c77s4001|2025-10-12T06:26:39Z,64,32,0.703125,0.7323943661971831,0.8125,0.40625,26,13,6,19,0.7568359375,0.49944578125,2025-10-12 06:26:39+00:00,38.747523625780474,80.06072382184979
tan20251018t180351c20s4001|2025-10-18T18:03:51Z,32,16,0.6875,0.5833333333333334,0.4375,0.0625,7,1,9,15,0.7578125,0.26824187499999996,2025-10-18 18:03:51+00:00,28.41142015751604,-98.23226588992286
tan20251019t185503c73s4001|2025-10-19T18:55:03Z,71,32,0.5633802816901409,0.4745762711864407,0.4375,0.3333333333333333,14,13,18,26,0.5717147435897437,0.4543867605633802,2025-10-19 18:55:03+00:00,36.893520575629225,-107.41854044647037
tan20251019t185820c43s4001|2025-10-19T18:58:20Z,96,48,0.9479166666666666,0.9494949494949495,0.9791666666666666,0.08333333333333333,47,4,1,44,0.9930555555555556,0.5563614583333334,2025-10-19 18:58:20+00:00,23.025533690360504,-110.02784714679531
tan20251023t192013c16s4001|2025-10-23T19:20:13Z,32,16,0.96875,0.9696969696969697,1.0,0.0625,16,1,0,15,1.0,0.5691487500000001,2025-10-23 19:20:13+00:00,43.43254294717707,-111.8584016547686
tan20251023t192133c27s4001|2025-10-23T19:21:33Z,64,32,0.859375,0.8656716417910447,0.90625,0.1875,29,6,3,26,0.9423828125,0.5353075,2025-10-23 19:21:33+00:00,40.65064258106243,-112.04356956623441
tan20251024t123433c76s4001|2025-10-24T12:34:33Z,32,16,0.84375,0.8648648648648649,1.0,0.3125,16,5,0,11,0.984375,0.64710625,2025-10-24 12:34:33+00:00,14.802560763954205,-17.310717671648206
tan20251026t185609c70s4001|2025-10-26T18:56:09Z,48,16,0.6041666666666666,0.3448275862068966,0.3125,0.25,5,8,11,24,0.71875,0.38404854166666674,2025-10-26 18:56:09+00:00,36.56092285201867,-108.11272700597222
tan20251026t185747c96s4001|2025-10-26T18:57:47Z,16,0,0.8125,0.0,0.0,0.1875,0,3,0,13,,0.281640625,2025-10-26 18:57:47+00:00,29.251692959163805,-111.06107314937448
tan20251027t071853c17s4001|2025-10-27T07:18:53Z,32,16,0.65625,0.7441860465116279,1.0,0.6875,16,11,0,5,0.6015625,0.658678125,2025-10-27 07:18:53+00:00,51.21484940566452,71.53048767337506
tan20251029t165840c68s4001|2025-10-29T16:58:40Z,32,0,0.96875,0.0,0.0,0.03125,0,1,0,31,,0.2564725,2025-10-29 16:58:40+00:00,28.392622284469752,-80.83372489191669
tan20251103t153206c13s4001|2025-11-03T15:32:06Z,64,32,0.953125,0.9538461538461539,0.96875,0.0625,31,2,1,30,0.99609375,0.5695278125000001,2025-11-03 15:32:06+00:00,-45.64878266125002,-67.85079327735379
tan20251103t181705c30s4001|2025-11-03T18:17:05Z,13,0,0.6153846153846154,0.0,0.0,0.38461538461538464,0,5,0,8,,0.37244615384615376,2025-11-03 18:17:05+00:00,35.403376066583974,-97.46087800642538
tan20251103t181812c90s4001|2025-11-03T18:18:12Z,16,0,0.8125,0.0,0.0,0.1875,0,3,0,13,,0.33240875,2025-11-03 18:18:12+00:00,33.135046719994705,-97.56463086272568
tan20251105t025809c59s4001|2025-11-05T02:58:09Z,32,16,0.875,0.8888888888888888,1.0,0.25,16,4,0,12,0.89453125,0.5253531250000001,2025-11-05 02:58:09+00:00,35.126015853710214,128.8728485494304
tan20251107t062048c93s4001|2025-11-07T06:20:48Z,32,0,0.8125,0.0,0.0,0.1875,0,6,0,26,,0.338128125,2025-11-07 06:20:48+00:00,26.797669547065123,80.78623453282628
tan20251107t062156c75s4001|2025-11-07T06:21:56Z,16,0,1.0,0.0,0.0,0.0,0,0,0,16,,0.2664375,2025-11-07 06:21:56+00:00,21.141669991825395,79.15175142118136
tan20251107t092600c95s4001|2025-11-07T09:26:00Z,32,16,0.9375,0.9411764705882353,1.0,0.125,16,2,0,14,0.95703125,0.48629500000000003,2025-11-07 09:26:00+00:00,30.281578209376,31.35803571310228
tan20251107t184759c22s4001|2025-11-07T18:47:59Z,5,0,0.2,0.0,0.0,0.8,0,4,0,1,,0.55274,2025-11-07 18:47:59+00:00,23.224358813274385,-106.3603035229394
tan20251110t181847c70s4001|2025-11-10T18:18:47Z,16,0,0.625,0.0,0.0,0.375,0,6,0,10,,0.41989375,2025-11-10 18:18:47+00:00,35.50619236329278,-98.1814382768546
tan20251110t182038c80s4001|2025-11-10T18:20:38Z,64,32,0.640625,0.43902439024390244,0.28125,0.0,9,0,23,32,0.8271484375,0.32444703125,2025-11-10 18:20:38+00:00,28.176483791885126,-99.21785934865004
tan20251111t064957c63s4001|2025-11-11T06:49:57Z,144,64,0.5763888888888888,0.35789473684210527,0.265625,0.175,17,14,47,66,0.594140625,0.3197527777777778,2025-11-11 06:49:57+00:00,19.01933284503875,72.94440080409545
tan20251114t155705c41s4001|2025-11-14T15:57:05Z,32,16,0.90625,0.9142857142857143,1.0,0.1875,16,3,0,13,1.0,0.624808125,2025-11-14 15:57:05+00:00,-35.328492569734074,-71.64615846854885
tan20251114t171353c35s4001|2025-11-14T17:13:53Z,16,0,0.875,0.0,0.0,0.125,0,2,0,14,,0.2617675,2025-11-14 17:13:53+00:00,28.394363661499256,-80.83535455926314
tan20251116t111447c62s4001|2025-11-16T11:14:47Z,32,16,0.90625,0.9142857142857143,1.0,0.1875,16,3,0,13,1.0,0.6054937499999999,2025-11-16 11:14:47+00:00,28.65154977681547,7.684948654898704
tan20251121t155316c73s4001|2025-11-21T15:53:16Z,16,0,0.1875,0.0,0.0,0.8125,0,13,0,3,,0.7275125,2025-11-21 15:53:16+00:00,-16.437754457461807,-68.21206961323577
tan20251122t085053c41s4001|2025-11-22T08:50:53Z,32,16,0.5625,0.6956521739130435,1.0,0.875,16,14,0,2,0.59765625,0.755375,2025-11-22 08:50:53+00:00,21.27468071449026,40.47947607347473
tan20251123t111432c58s4001|2025-11-23T11:14:32Z,64,32,0.71875,0.7804878048780488,1.0,0.5625,32,18,0,14,0.96630859375,0.709648125,2025-11-23 11:14:32+00:00,30.700911900979534,7.9539213652358
tan20251123t111541c66s4001|2025-11-23T11:15:41Z,96,48,0.9479166666666666,0.9504950495049505,1.0,0.10416666666666667,48,5,0,43,0.9800347222222222,0.5807632291666667,2025-11-23 11:15:41+00:00,28.639865507112376,7.612605278903828
tan20251124t152954c49s4001|2025-11-24T15:29:54Z,32,16,0.9375,0.9411764705882353,1.0,0.125,16,2,0,14,1.0,0.58566625,2025-11-24 15:29:54+00:00,-24.296427472600385,-65.15786246995118
tan20251202t051643c84s4001|2025-12-02T05:16:43Z,96,48,0.6770833333333334,0.5230769230769231,0.3541666666666667,0.0,17,0,31,48,0.8739149305555555,0.31621020833333335,2025-12-02 05:16:43+00:00,27.303303067718186,95.16982966348581
tan20251202t051739c02s4001|2025-12-02T05:17:39Z,48,16,0.7083333333333334,0.2222222222222222,0.125,0.0,2,0,14,32,0.658203125,0.18102083333333333,2025-12-02 05:17:39+00:00,26.936544243524285,94.76248704772512
tan20251202t145346c52s4001|2025-12-02T14:53:46Z,64,32,0.9375,0.9375,0.9375,0.0625,30,2,2,30,0.958984375,0.5380015625,2025-12-02 14:53:46+00:00,-34.66579638837555,-55.89042666226527
tan20251202t145444c58s4001|2025-12-02T14:54:44Z,64,32,0.9375,0.9375,0.9375,0.0625,30,2,2,30,0.990234375,0.46394359374999994,2025-12-02 14:54:44+00:00,-38.06770749434431,-57.64980529002712
tan20251202t174555c37s4001|2025-12-02T17:45:55Z,32,16,0.5,0.0,0.0,0.0,0,0,16,16,0.76171875,0.2730475,2025-12-02 17:45:55+00:00,18.07455873623651,-93.0436521435826
tan20251203t074458c65s4001|2025-12-03T07:44:58Z,64,32,0.65625,0.7441860465116279,1.0,0.6875,32,22,0,10,0.6943359375,0.6746671875,2025-12-03 07:44:58+00:00,23.33883517760752,58.45466755314489
tan20251204t070258c50s4001|2025-12-04T07:02:58Z,32,16,0.5,0.1111111111111111,0.0625,0.0625,1,1,15,15,0.90234375,0.30101187500000004,2025-12-04 07:02:58+00:00,31.38595500808428,73.24543389055407
tan20251205t031525c07s4001|2025-12-05T03:15:25Z,32,16,0.78125,0.7741935483870968,0.75,0.1875,12,3,4,13,0.875,0.5108209375,2025-12-05 03:15:25+00:00,35.085142001027606,126.89334015771465
tan20251205t171941c72s4001|2025-12-05T17:19:41Z,32,16,0.90625,0.9142857142857143,1.0,0.1875,16,3,0,13,0.93359375,0.47446875,2025-12-05 17:19:41+00:00,21.207235932033967,-86.95140912753908
tan20251206t040726c48s4001|2025-12-06T04:07:26Z,32,16,0.65625,0.7441860465116279,1.0,0.6875,16,11,0,5,0.5390625,0.7114625,2025-12-06 04:07:26+00:00,39.62643662262769,116.5213018573391
tan20251207t190449c98s4001|2025-12-07T19:04:49Z,64,32,0.984375,0.9841269841269841,0.96875,0.0,31,0,1,32,1.0,0.48052640625,2025-12-07 19:04:49+00:00,25.989023912795346,-109.01356797350861
tan20251208t121013c97s4001|2025-12-08T12:10:13Z,96,48,0.6041666666666666,0.7164179104477612,1.0,0.7916666666666666,48,38,0,10,0.681640625,0.7211291666666666,2025-12-08 12:10:13+00:00,33.97904458455355,-5.149217262025577
tan20251210t154518c46s4001|2025-12-10T15:45:18Z,32,16,0.8125,0.8421052631578947,1.0,0.375,16,6,0,10,1.0,0.6962003125,2025-12-10 15:45:18+00:00,-24.85519766693926,-65.3781277830923
tan20251212t110124c67s4001|2025-12-12T11:01:24Z,32,16,0.65625,0.5217391304347826,0.375,0.0625,6,1,10,15,0.931640625,0.32997750000000003,2025-12-12 11:01:24+00:00,43.52197706263328,16.512877591349707
tan20251212t124141c56s4001|2025-12-12T12:41:41Z,32,16,0.875,0.8888888888888888,1.0,0.25,16,4,0,12,0.9609375,0.560234375,2025-12-12 12:41:41+00:00,14.802848015310246,-17.31097224189503
tan20251213t181012c94s4001|2025-12-13T18:10:12Z,73,32,0.6986301369863014,0.7380952380952381,0.96875,0.5121951219512195,31,21,1,20,0.8338414634146342,0.5854890410958904,2025-12-13 18:10:12+00:00,35.485873760505044,-97.41932079084688
tan20251214t064159c38s4001|2025-12-14T06:41:59Z,32,16,0.8125,0.8421052631578947,1.0,0.375,16,6,0,10,0.91015625,0.6731165625,2025-12-14 06:41:59+00:00,18.660214561012552,73.8559489507767
tan20251214t080904c51s4001|2025-12-14T08:09:04Z,672,336,0.6175595238095238,0.7001166861143524,0.8928571428571429,0.6577380952380952,300,221,36,115,0.718967013888889,0.6332220238095237,2025-12-14 08:09:04+00:00,39.47198359375503,53.75114467224736
tan20251217t061657c48s4001|2025-12-17T06:16:57Z,64,32,0.8125,0.8421052631578947,1.0,0.375,32,12,0,20,0.88671875,0.64581765625,2025-12-17 06:16:57+00:00,13.111445986889919,77.65251766555667
tan20251217t184037c76s4001|2025-12-17T18:40:37Z,1,0,1.0,0.0,0.0,0.0,0,0,0,1,,0.4744,2025-12-17 18:40:37+00:00,23.222579098372933,-106.35608858997688
tan20251218t053253c97s4001|2025-12-18T05:32:53Z,256,128,0.6953125,0.625,0.5078125,0.1171875,65,15,63,113,0.8291015625,0.38406,2025-12-18 05:32:53+00:00,27.33700410464095,95.25276062701477
tan20251218t070615c01s4001|2025-12-18T07:06:15Z,8,0,1.0,0.0,0.0,0.0,0,0,0,8,,0.2371625,2025-12-18 07:06:15+00:00,27.968661418934943,69.80980628982178
tan20251219t124258c56s4001|2025-12-19T12:42:58Z,96,48,0.75,0.7818181818181819,0.8958333333333334,0.3958333333333333,43,19,5,29,0.7697482638888888,0.5464585416666666,2025-12-19 12:42:58+00:00,14.803876753228252,-17.309940422865044
tan20251220t181320c17s4001|2025-12-20T18:13:20Z,16,0,0.9375,0.0,0.0,0.0625,0,1,0,15,,0.159049375,2025-12-20 18:13:20+00:00,28.348661210598152,-98.90210440399638
tan20251223t100027c09s4001|2025-12-23T10:00:27Z,64,32,0.78125,0.7307692307692307,0.59375,0.03125,19,1,13,31,0.9228515625,0.39892046875,2025-12-23 10:00:27+00:00,29.851708146007088,27.83951410118479
tan20251224t044438c14s4001|2025-12-24T04:44:38Z,32,16,0.875,0.8666666666666667,0.8125,0.0625,13,1,3,15,0.8984375,0.42193499999999995,2025-12-24 04:44:38+00:00,13.732406565008093,100.98404355097654
tan20251224t170616c99s4001|2025-12-24T17:06:16Z,2,0,1.0,0.0,0.0,0.0,0,0,0,2,,0.16685,2025-12-24 17:06:16+00:00,32.3976150790979,-80.92384413869313
tan20251226t093510c60s4001|2025-12-26T09:35:10Z,96,48,0.8020833333333334,0.8118811881188119,0.8541666666666666,0.25,41,12,7,36,0.8819444444444445,0.47181093749999997,2025-12-26 09:35:10+00:00,28.83494630998653,33.2057985263086
tan20251228t064335c70s4001|2025-12-28T06:43:35Z,128,64,0.4296875,0.1411764705882353,0.09375,0.234375,6,15,58,49,0.466796875,0.347001328125,2025-12-28 06:43:35+00:00,22.973480822785817,72.54491138005042
tan20251228t173946c41s4001|2025-12-28T17:39:46Z,160,80,0.7625,0.7246376811594203,0.625,0.1,50,8,30,72,0.8564062499999999,0.41053249999999997,2025-12-28 17:39:46+00:00,14.586079314816143,-90.5700116113885
tan20251229t042659c62s4001|2025-12-29T04:26:59Z,960,432,0.684375,0.6773162939297125,0.7361111111111112,0.35795454545454547,318,189,114,339,0.7363982709034792,0.49809070833333335,2025-12-29 04:26:59+00:00,36.01265038861093,112.86716673257436
tan20251230t113430c98s4001|2025-12-30T11:34:30Z,128,64,0.671875,0.58,0.453125,0.109375,29,7,35,57,0.839599609375,0.35443679687499996,2025-12-30 11:34:30+00:00,32.75314078380018,3.2474230535283795
tan20251230t113529c74s4001|2025-12-30T11:35:29Z,256,128,0.70703125,0.6305418719211823,0.5,0.0859375,64,11,64,117,0.832244873046875,0.38307917968750005,2025-12-30 11:35:29+00:00,32.921603258071926,3.4593166879127963
tan20260108t011446c15s4001|2026-01-08T01:14:46Z,128,64,0.84375,0.863013698630137,0.984375,0.296875,63,19,1,45,0.82763671875,0.5778964062499999,2026-01-08 01:14:46+00:00,-32.555136645215455,151.01473502425245
tan20260108t163638c43s4001|2026-01-08T16:36:38Z,64,32,0.921875,0.927536231884058,1.0,0.15625,32,5,0,27,1.0,0.6216196875,2026-01-08 16:36:38+00:00,10.927119850115659,-74.92755728219358
tan20260112t073830c93s4001|2026-01-12T07:38:30Z,32,16,0.5,0.0,0.0,0.0,0,0,16,16,1.0,0.13598749999999998,2026-01-12 07:38:30+00:00,36.23393461958604,61.42464829632255
tan20260113t192446c55s4001|2026-01-13T19:24:46Z,48,16,0.4583333333333333,0.5517241379310345,1.0,0.8125,16,26,0,6,0.3134765625,0.6426999999999999,2026-01-13 19:24:46+00:00,40.21942088951544,-109.98085476810299
tan20260118t113443c78s4001|2026-01-18T11:34:43Z,32,16,1.0,1.0,1.0,0.0,16,0,0,16,1.0,0.5057987500000001,2026-01-18 11:34:43+00:00,6.227914364937078,1.0791423117309191
tan20260119t183533c73s4001|2026-01-19T18:35:33Z,416,208,0.6947115384615384,0.7184035476718403,0.7788461538461539,0.3894230769230769,162,81,46,127,0.7909231693786982,0.5542219230769232,2026-01-19 18:35:33+00:00,31.62952567256083,-101.90435476897201
tan20260123t063935c44s4001|2026-01-23T06:39:35Z,32,16,0.625,0.7272727272727273,1.0,0.75,16,12,0,4,0.912109375,0.728684375,2026-01-23 06:39:35+00:00,18.65624313087052,73.85729953895157
tan20260123t081009c49s4001|2026-01-23T08:10:09Z,32,16,0.53125,0.6808510638297872,1.0,0.9375,16,15,0,1,0.9921875,0.804053125,2026-01-23 08:10:09+00:00,29.425553109017105,52.70202873252663
tan20260124t195304c04s4001|2026-01-24T19:53:04Z,32,16,0.84375,0.8275862068965517,0.75,0.0625,12,1,4,15,0.98046875,0.4035725,2026-01-24 19:53:04+00:00,43.71077144878649,-116.28518979627928
tan20260126t170517c81s4001|2026-01-26T17:05:17Z,192,96,0.6354166666666666,0.43548387096774194,0.28125,0.010416666666666666,27,1,69,95,0.9586588541666666,0.30078541666666664,2026-01-26 17:05:17+00:00,25.540925087262874,-80.34515646072377
tan20260127t175540c25s4001|2026-01-27T17:55:40Z,16,0,1.0,0.0,0.0,0.0,0,0,0,16,,0.223770625,2026-01-27 17:55:40+00:00,38.30622598373603,-87.70831416838394
tan20260128t092801c55s4001|2026-01-28T09:28:01Z,32,16,0.65625,0.5217391304347826,0.375,0.0625,6,1,10,15,0.94921875,0.3781084375,2026-01-28 09:28:01+00:00,44.8365935201322,39.87493124051253
tan20260128t110545c35s4001|2026-01-28T11:05:45Z,32,16,0.8125,0.7692307692307693,0.625,0.0,10,0,6,16,1.0,0.37406812500000003,2026-01-28 11:05:45+00:00,27.731141320002408,9.175965642887888
tan20260129t152500c37s4001|2026-01-29T15:25:00Z,32,16,0.46875,0.0,0.0,0.0625,0,1,16,15,0.3828125,0.18773375,2026-01-29 15:25:00+00:00,-45.73309548264446,-67.7881116053472
tan20260131t072644c80s4001|2026-01-31T07:26:44Z,32,16,0.6875,0.75,0.9375,0.5625,15,9,1,7,0.6171875,0.5367303125,2026-01-31 07:26:44+00:00,51.21738538011195,71.53186424564879
tan20260204t185310c13s4001|2026-02-04T18:53:10Z,96,48,0.6041666666666666,0.4722222222222222,0.3541666666666667,0.14583333333333334,17,7,31,41,0.6827256944444444,0.36300333333333334,2026-02-04 18:53:10+00:00,31.82531320358447,-102.99322435406651
tan20260206t173311c44s4001|2026-02-06T17:33:11Z,64,32,0.84375,0.8611111111111112,0.96875,0.28125,31,9,1,23,0.943359375,0.5708053125,2026-02-06 17:33:11+00:00,35.935510558852826,-86.37049181158389
tan20260207t182913c47s4001|2026-02-07T18:29:13Z,16,0,0.875,0.0,0.0,0.125,0,2,0,14,,0.23366874999999998,2026-02-07 18:29:13+00:00,26.39542092837937,-98.1238255152797
tan20260208t113508c24s4001|2026-02-08T11:35:08Z,64,32,0.953125,0.9508196721311475,0.90625,0.0,29,0,3,32,0.998046875,0.42193828125,2026-02-08 11:35:08+00:00,29.08625143557842,2.212880052799889
tan20260214t014051c11s4001|2026-02-14T01:40:51Z,16,0,0.8125,0.0,0.0,0.1875,0,3,0,13,,0.24080625,2026-02-14 01:40:51+00:00,-37.92705680183504,144.59490211675222
tan20260218t160808c82s4001|2026-02-18T16:08:08Z,32,16,0.9375,0.9411764705882353,1.0,0.125,16,2,0,14,0.9453125,0.5949956250000001,2026-02-18 16:08:08+00:00,-35.32809711225182,-71.64749816963415
tan20260219t103156c69s4001|2026-02-19T10:31:56Z,32,16,0.9375,0.9411764705882353,1.0,0.125,16,2,0,14,1.0,0.5826953125,2026-02-19 10:31:56+00:00,28.05132972813945,19.91294817289364
tan20260220t112441c43s4001|2026-02-20T11:24:41Z,32,16,0.84375,0.8648648648648649,1.0,0.3125,16,5,0,11,0.9921875,0.6980593749999999,2026-02-20 11:24:41+00:00,31.17984395996156,8.105982100004098
tan20260220t112550c84s4001|2026-02-20T11:25:50Z,32,16,0.9375,0.9411764705882353,1.0,0.125,16,2,0,14,0.98046875,0.470523125,2026-02-20 11:25:50+00:00,28.618722558116065,7.708324931245528
tan20260221t183420c26s4001|2026-02-21T18:34:20Z,128,64,0.8984375,0.9078014184397163,1.0,0.203125,64,13,0,51,0.987548828125,0.6066598437499999,2026-02-21 18:34:20+00:00,20.54532316916959,-103.15946082515319
tan20260222t070009c76s4001|2026-02-22T07:00:09Z,125,48,0.68,0.5,0.4166666666666667,0.15584415584415584,20,12,28,65,0.8298160173160174,0.38545655999999995,2026-02-22 07:00:09+00:00,23.544976005402937,72.28911619828686
tan20260222t070112c80s4001|2026-02-22T07:01:12Z,32,16,0.84375,0.8648648648648649,1.0,0.3125,16,5,0,11,0.9609375,0.6645959375,2026-02-22 07:01:12+00:00,23.41485101075056,72.35751308542635
tan20260222t083300c51s4001|2026-02-22T08:33:00Z,128,64,0.7421875,0.7950310559006211,1.0,0.515625,64,33,0,31,0.8270263671875,0.629152421875,2026-02-22 08:33:00+00:00,28.98732676130641,48.0522547705819
tan20260225t033931c28s4001|2026-02-25T03:39:31Z,64,32,0.84375,0.8529411764705882,0.90625,0.21875,29,7,3,25,0.919921875,0.53787334375,2026-02-25 03:39:31+00:00,-20.70678001550283,116.11353106227736
tan20260225t062720c28s4001|2026-02-25T06:27:20Z,256,128,0.54296875,0.4608294930875576,0.390625,0.3046875,50,39,78,89,0.65380859375,0.46105058593750003,2026-02-25 06:27:20+00:00,54.54624560526657,86.29770338539339
tan20260226t055441c49s4001|2026-02-26T05:54:41Z,32,16,0.9375,0.9411764705882353,1.0,0.125,16,2,0,14,0.9296875,0.492340625,2026-02-26 05:54:41+00:00,23.7209863591696,90.4484551095386
tan20260228t183401c34s4001|2026-02-28T18:34:01Z,32,16,0.875,0.8888888888888888,1.0,0.25,16,4,0,12,1.0,0.5746221874999999,2026-02-28 18:34:01+00:00,31.789617397701534,-101.76128974810118
tan20260301t083450c18s4001|2026-03-01T08:34:50Z,32,16,0.5625,0.5882352941176471,0.625,0.5,10,8,6,8,0.4921875,0.533628125,2026-03-01 08:34:50+00:00,29.15981042964048,47.91527156399869
tan20260304t185916c33s4001|2026-03-04T18:59:16Z,64,32,0.59375,0.7111111111111111,1.0,0.8125,32,26,0,6,0.65283203125,0.735615625,2026-03-04 18:59:16+00:00,40.020564594223316,-105.02209934384703
tan20260304t190048c53s4001|2026-03-04T19:00:48Z,114,32,0.6578947368421053,0.4657534246575342,0.53125,0.2926829268292683,17,24,15,58,0.7461890243902439,0.44561719298245617,2026-03-04 19:00:48+00:00,36.81841188800357,-107.50879908283152
tan20260310t085101c50s4001|2026-03-10T08:51:01Z,32,16,0.6875,0.7619047619047619,1.0,0.625,16,10,0,6,0.95703125,0.68765,2026-03-10 08:51:01+00:00,28.853366842657948,47.9484645118867
tan20260319t182325c72s4001|2026-03-19T18:23:25Z,7,0,1.0,0.0,0.0,0.0,0,0,0,7,,0.2322185714285714,2026-03-19 18:23:25+00:00,41.59656797607298,-93.33561157629516
tan20260320t065603c08s4001|2026-03-20T06:56:03Z,39,16,0.6410256410256411,0.6956521739130435,1.0,0.6086956521739131,16,14,0,9,0.9673913043478262,0.6860358974358974,2026-03-20 06:56:03+00:00,19.088747235547217,73.10039831354996
tan20260320t191606c48s4001|2026-03-20T19:16:06Z,32,16,0.8125,0.8333333333333334,0.9375,0.3125,15,5,1,11,0.96484375,0.53658125,2026-03-20 19:16:06+00:00,43.18944376737144,-105.5830916702035
tan20260322t150735c44s4001|2026-03-22T15:07:35Z,32,16,0.84375,0.8387096774193549,0.8125,0.125,13,2,3,14,0.953125,0.471109375,2026-03-22 15:07:35+00:00,-22.33573916070388,-54.783082566366446
tan20260323t050100c36s4001|2026-03-23T05:01:00Z,64,32,0.96875,0.9696969696969697,1.0,0.0625,32,2,0,30,0.9970703125,0.48147203125,2026-03-23 05:01:00+00:00,5.415052332014859,100.62254841923766
tan20260323t172148c56s4001|2026-03-23T17:21:48Z,96,48,0.8958333333333334,0.8888888888888888,0.8333333333333334,0.041666666666666664,40,2,8,46,0.98046875,0.38326750000000004,2026-03-23 17:21:48+00:00,25.646968340350824,-80.34683899670149
tan20260323t185403c58s4001|2026-03-23T18:54:03Z,160,80,0.725,0.725,0.725,0.275,58,22,22,58,0.8025,0.5385991875,2026-03-23 18:54:03+00:00,31.790135033218597,-103.46255157106589
tan20260324t115823c02s4001|2026-03-24T11:58:23Z,16,0,0.875,0.0,0.0,0.125,0,2,0,14,,0.235221875,2026-03-24 11:58:23+00:00,41.07901907502185,0.6906039207718777
tan20260325t125909c65s4001|2026-03-25T12:59:09Z,16,0,1.0,0.0,0.0,0.0,0,0,0,16,,0.12324062499999999,2026-03-25 12:59:09+00:00,13.722845889750246,-17.53149713421422
tan20260326t182922c02s4001|2026-03-26T18:29:22Z,8,0,1.0,0.0,0.0,0.0,0,0,0,8,,0.19258,2026-03-26 18:29:22+00:00,27.874375955221,-99.7124992358864
tan20260327t065818c29s4001|2026-03-27T06:58:18Z,64,32,0.703125,0.7710843373493976,1.0,0.59375,32,19,0,13,0.7822265625,0.6867796875000001,2026-03-27 06:58:18+00:00,19.21331095156603,73.14592104580791
tan20260329t150809c78s4001|2026-03-29T15:08:09Z,32,16,0.9375,0.9411764705882353,1.0,0.125,16,2,0,14,0.9921875,0.58624,2026-03-29 15:08:09+00:00,-15.594352408187476,-55.94769419866213
tan20260330t062414c53s4001|2026-03-30T06:24:14Z,32,0,0.71875,0.0,0.0,0.28125,0,9,0,23,,0.41794687500000005,2026-03-30 06:24:14+00:00,53.433393848205256,87.41225391217287
tan20260330t160612c19s4001|2026-03-30T16:06:12Z,32,16,0.875,0.8888888888888888,1.0,0.25,16,4,0,12,0.99609375,0.617,2026-03-30 16:06:12+00:00,-33.52309253630287,-70.87143748630615
tan20260402t153635c49s4001|2026-04-02T15:36:35Z,32,16,1.0,1.0,1.0,0.0,16,0,0,16,1.0,0.5684046875,2026-04-02 15:36:35+00:00,-17.95326091465938,-63.03616029631453
tan20260403t082652c86s4001|2026-04-03T08:26:52Z,16,0,0.9375,0.0,0.0,0.0625,0,1,0,15,,0.13023687499999997,2026-04-03 08:26:52+00:00,45.9095120934482,53.47046831201314
tan20260407t085555c64s4001|2026-04-07T08:55:55Z,32,16,0.90625,0.9142857142857143,1.0,0.1875,16,3,0,13,0.98828125,0.528000625,2026-04-07 08:55:55+00:00,35.30588186402336,44.37388264346001
tan20260408t063727c98s4001|2026-04-08T06:37:27Z,15,0,0.9333333333333333,0.0,0.0,0.06666666666666667,0,1,0,14,,0.33984666666666663,2026-04-08 06:37:27+00:00,53.82640716922951,88.08841726445618
tan20260408t095123c44s4001|2026-04-08T09:51:23Z,16,0,0.375,0.0,0.0,0.625,0,10,0,6,,0.58985,2026-04-08 09:51:23+00:00,29.883244107082703,31.16720034886154
tan20260414t025506c42s4001|2026-04-14T02:55:06Z,32,16,0.875,0.8888888888888888,1.0,0.25,16,4,0,12,0.96484375,0.5994875,2026-04-14 02:55:06+00:00,-12.385245643881476,130.9248577981566
tan20260414t194855c29s4001|2026-04-14T19:48:55Z,66,32,0.9090909090909091,0.9,0.84375,0.029411764705882353,27,1,5,33,0.9935661764705882,0.4480584848484849,2026-04-14 19:48:55+00:00,33.721711625833336,-117.69091466584729
tan20260503t175708c61s4001|2026-05-03T17:57:08Z,32,16,0.9375,0.9411764705882353,1.0,0.125,16,2,0,14,0.9921875,0.511648125,2026-05-03 17:57:08+00:00,30.14403452454012,-90.85958226231874
tan20260504t044814c22s4001|2026-05-04T04:48:14Z,64,32,0.84375,0.8648648648648649,1.0,0.3125,32,10,0,22,0.9501953125,0.6197078125000001,2026-05-04 04:48:14+00:00,37.76175475648077,111.0386641201616
tan20260520t185445c11s4001|2026-05-20T18:54:45Z,64,32,0.875,0.8823529411764706,0.9375,0.1875,30,6,2,26,0.978515625,0.5424596875000001,2026-05-20 18:54:45+00:00,20.342209588854196,-103.16466675732963
tan20260521t084821c39s4001|2026-05-21T08:48:21Z,3,0,1.0,0.0,0.0,0.0,0,0,0,3,,0.03494333333333333,2026-05-21 08:48:21+00:00,45.90936200159928,53.47041693143086
tan20260523t195318c69s4001|2026-05-23T19:53:18Z,32,16,0.875,0.8666666666666667,0.8125,0.0625,13,1,3,15,0.9375,0.4004228125,2026-05-23 19:53:18+00:00,43.711982981853055,-116.284929723594
