source_dataset,source_row_number,sample_id,time_utc,latitude,longitude,site,label,flight_id,segment,metered_release_rate_kg_hr,ground_truth_source,mapping_status
67_all45_ground_truth_nc_mapping.csv,2,RF04_seg01,2021-07-30T15:41:00Z,32.053111,-102.300687,"Near Midland, Texas, USA",1,RF04,1,358.48,Stanford metered controlled-release rate; Supplement Table S5,needs_manual_review
67_all45_ground_truth_nc_mapping.csv,3,RF04_seg02,2021-07-30T15:52:00Z,32.053111,-102.300687,"Near Midland, Texas, USA",1,RF04,2,171.08,Stanford metered controlled-release rate; Supplement Table S5,needs_manual_review
67_all45_ground_truth_nc_mapping.csv,4,RF04_seg03,2021-07-30T16:07:00Z,32.053111,-102.300687,"Near Midland, Texas, USA",1,RF04,3,49.98,Stanford metered controlled-release rate; Supplement Table S5,needs_manual_review
67_all45_ground_truth_nc_mapping.csv,6,RF04_seg05,2021-07-30T16:36:00Z,32.053111,-102.300687,"Near Midland, Texas, USA",1,RF04,5,236.74,Stanford metered controlled-release rate; Supplement Table S5,needs_manual_review
67_all45_ground_truth_nc_mapping.csv,7,RF04_seg06,2021-07-30T16:51:00Z,32.053111,-102.300687,"Near Midland, Texas, USA",1,RF04,6,295.08,Stanford metered controlled-release rate; Supplement Table S5,needs_manual_review
67_all45_ground_truth_nc_mapping.csv,8,RF04_seg07,2021-07-30T17:06:00Z,32.053111,-102.300687,"Near Midland, Texas, USA",1,RF04,7,95.05,Stanford metered controlled-release rate; Supplement Table S5,needs_manual_review
67_all45_ground_truth_nc_mapping.csv,9,RF04_seg08,2021-07-30T17:22:00Z,32.053111,-102.300687,"Near Midland, Texas, USA",1,RF04,8,382.25,Stanford metered controlled-release rate; Supplement Table S5,needs_manual_review
67_all45_ground_truth_nc_mapping.csv,10,RF04_seg09,2021-07-30T18:08:00Z,32.053111,-102.300687,"Near Midland, Texas, USA",1,RF04,9,63.65,Stanford metered controlled-release rate; Supplement Table S5,needs_manual_review
67_all45_ground_truth_nc_mapping.csv,11,RF05_seg01,2021-08-03T15:52:00Z,32.053111,-102.300687,"Near Midland, Texas, USA",1,RF05,1,6.72,Stanford metered controlled-release rate; Supplement Table S5,needs_manual_review
67_all45_ground_truth_nc_mapping.csv,12,RF05_seg03,2021-08-03T16:11:00Z,32.053111,-102.300687,"Near Midland, Texas, USA",1,RF05,3,495.05,Stanford metered controlled-release rate; Supplement Table S5,needs_manual_review
67_all45_ground_truth_nc_mapping.csv,13,RF05_seg05,2021-08-03T16:30:00Z,32.053111,-102.300687,"Near Midland, Texas, USA",1,RF05,5,560.57,Stanford metered controlled-release rate; Supplement Table S5,needs_manual_review
67_all45_ground_truth_nc_mapping.csv,14,RF05_seg07,2021-08-03T16:48:00Z,32.053111,-102.300687,"Near Midland, Texas, USA",1,RF05,7,297.28,Stanford metered controlled-release rate; Supplement Table S5,needs_manual_review
67_all45_ground_truth_nc_mapping.csv,15,RF05_seg09,2021-08-03T17:06:00Z,32.053111,-102.300687,"Near Midland, Texas, USA",1,RF05,9,654.38,Stanford metered controlled-release rate; Supplement Table S5,needs_manual_review
67_all45_ground_truth_nc_mapping.csv,16,RF05_seg11,2021-08-03T17:24:00Z,32.053111,-102.300687,"Near Midland, Texas, USA",1,RF05,11,690.8,Stanford metered controlled-release rate; Supplement Table S5,needs_manual_review
67_all45_ground_truth_nc_mapping.csv,18,RF05_seg15,2021-08-03T17:59:00Z,32.053111,-102.300687,"Near Midland, Texas, USA",1,RF05,15,382.28,Stanford metered controlled-release rate; Supplement Table S5,needs_manual_review
67_all45_ground_truth_nc_mapping.csv,19,RF05_seg17,2021-08-03T18:15:00Z,32.053111,-102.300687,"Near Midland, Texas, USA",1,RF05,17,129.63,Stanford metered controlled-release rate; Supplement Table S5,needs_manual_review
40_five_site_time_coordinates_all_75_rows.csv,2,S2_LOW_POS_01,2021-08-03T18:19:19Z,33.6306336125302,-114.48914318513344,Ehrenberg_AZ_release_stack,1,,,,2023_Scientific_Reports,
67_all45_ground_truth_nc_mapping.csv,20,RF05_seg19,2021-08-03T18:35:00Z,32.053111,-102.300687,"Near Midland, Texas, USA",1,RF05,19,56.05,Stanford metered controlled-release rate; Supplement Table S5,needs_manual_review
67_all45_ground_truth_nc_mapping.csv,21,RF05_seg21,2021-08-03T18:53:00Z,32.053111,-102.300687,"Near Midland, Texas, USA",1,RF05,21,446.05,Stanford metered controlled-release rate; Supplement Table S5,needs_manual_review
67_all45_ground_truth_nc_mapping.csv,22,RF05_seg23,2021-08-03T19:11:00Z,32.053111,-102.300687,"Near Midland, Texas, USA",1,RF05,23,236.63,Stanford metered controlled-release rate; Supplement Table S5,needs_manual_review
40_five_site_time_coordinates_all_75_rows.csv,11,S2_HIGH_CLEAN_01,2021-10-19T18:13:59Z,33.6306336125302,-114.48914318513344,Ehrenberg_AZ_release_stack,1,,,,2023_Scientific_Reports,
40_five_site_time_coordinates_all_75_rows.csv,12,S2_HIGH_CLEAN_02,2021-10-22T18:24:19Z,33.6306336125302,-114.48914318513344,Ehrenberg_AZ_release_stack,1,,,,2023_Scientific_Reports,
40_five_site_time_coordinates_all_75_rows.csv,13,S2_HIGH_CLEAN_03,2021-10-27T18:24:51Z,33.6306336125302,-114.48914318513344,Ehrenberg_AZ_release_stack,1,,,,2023_Scientific_Reports,
40_five_site_time_coordinates_all_75_rows.csv,14,S2_HIGH_CLEAN_04,2021-10-29T18:14:59Z,33.6306336125302,-114.48914318513344,Ehrenberg_AZ_release_stack,1,,,,2023_Scientific_Reports,
40_five_site_time_coordinates_all_75_rows.csv,15,S2_LOW_POS_02,2021-11-03T18:15:31Z,33.6306336125302,-114.48914318513344,Ehrenberg_AZ_release_stack,1,,,,2023_Scientific_Reports,
67_all45_ground_truth_nc_mapping.csv,23,RF01E_seg01,2022-10-25T17:15:00Z,32.821,-111.786,"Near Phoenix, Arizona, USA",1,RF01E,1,205.23,Stanford metered controlled-release rate; Supplement Table S6,matched_segment_only
67_all45_ground_truth_nc_mapping.csv,24,RF01E_seg02,2022-10-25T17:32:00Z,32.821,-111.786,"Near Phoenix, Arizona, USA",1,RF01E,2,97.04,Stanford metered controlled-release rate; Supplement Table S6,matched_segment_only
67_all45_ground_truth_nc_mapping.csv,25,RF01E_seg03,2022-10-25T17:50:00Z,32.821,-111.786,"Near Phoenix, Arizona, USA",1,RF01E,3,987.13,Stanford metered controlled-release rate; Supplement Table S6,matched_segment_only
67_all45_ground_truth_nc_mapping.csv,26,RF01E_seg04,2022-10-25T18:09:00Z,32.821,-111.786,"Near Phoenix, Arizona, USA",1,RF01E,4,982.5,Stanford metered controlled-release rate; Supplement Table S6,matched_segment_only
67_all45_ground_truth_nc_mapping.csv,28,RF01E_seg06,2022-10-25T18:47:00Z,32.821,-111.786,"Near Phoenix, Arizona, USA",1,RF01E,6,468.33,Stanford metered controlled-release rate; Supplement Table S6,matched_segment_only
67_all45_ground_truth_nc_mapping.csv,29,RF01E_seg07,2022-10-25T19:07:00Z,32.821,-111.786,"Near Phoenix, Arizona, USA",1,RF01E,7,24.42,Stanford metered controlled-release rate; Supplement Table S6,matched_segment_only
67_all45_ground_truth_nc_mapping.csv,30,RF01E_seg08,2022-10-25T19:28:00Z,32.821,-111.786,"Near Phoenix, Arizona, USA",1,RF01E,8,634.57,Stanford metered controlled-release rate; Supplement Table S6,matched_segment_only
67_all45_ground_truth_nc_mapping.csv,31,RF01E_seg09,2022-10-25T20:10:00Z,32.821,-111.786,"Near Phoenix, Arizona, USA",1,RF01E,9,142.14,Stanford metered controlled-release rate; Supplement Table S6,matched_segment_only
67_all45_ground_truth_nc_mapping.csv,32,RF01E_seg10,2022-10-25T20:29:00Z,32.821,-111.786,"Near Phoenix, Arizona, USA",1,RF01E,10,74.65,Stanford metered controlled-release rate; Supplement Table S6,matched_segment_only
67_all45_ground_truth_nc_mapping.csv,33,RF01E_seg11,2022-10-25T20:46:00Z,32.821,-111.786,"Near Phoenix, Arizona, USA",1,RF01E,11,63.03,Stanford metered controlled-release rate; Supplement Table S6,matched_segment_only
67_all45_ground_truth_nc_mapping.csv,35,RF03E_seg02,2022-10-29T16:50:00Z,32.821,-111.786,"Near Phoenix, Arizona, USA",1,RF03E,2,340.16,Stanford metered controlled-release rate; Supplement Table S6,matched_segment_only
67_all45_ground_truth_nc_mapping.csv,36,RF03E_seg03,2022-10-29T17:17:00Z,32.821,-111.786,"Near Phoenix, Arizona, USA",1,RF03E,3,671.74,Stanford metered controlled-release rate; Supplement Table S6,matched_segment_only
67_all45_ground_truth_nc_mapping.csv,37,RF03E_seg04,2022-10-29T17:42:00Z,32.821,-111.786,"Near Phoenix, Arizona, USA",1,RF03E,4,405.59,Stanford metered controlled-release rate; Supplement Table S6,matched_segment_only
67_all45_ground_truth_nc_mapping.csv,38,RF03E_seg05,2022-10-29T18:07:00Z,32.821,-111.786,"Near Phoenix, Arizona, USA",1,RF03E,5,33.61,Stanford metered controlled-release rate; Supplement Table S6,matched_segment_only
67_all45_ground_truth_nc_mapping.csv,39,RF03E_seg06,2022-10-29T18:31:00Z,32.821,-111.786,"Near Phoenix, Arizona, USA",1,RF03E,6,337.56,Stanford metered controlled-release rate; Supplement Table S6,matched_segment_only
67_all45_ground_truth_nc_mapping.csv,40,RF03E_seg07,2022-10-29T18:54:00Z,32.821,-111.786,"Near Phoenix, Arizona, USA",1,RF03E,7,818.3,Stanford metered controlled-release rate; Supplement Table S6,matched_segment_only
67_all45_ground_truth_nc_mapping.csv,41,RF03E_seg08,2022-10-29T19:16:00Z,32.821,-111.786,"Near Phoenix, Arizona, USA",1,RF03E,8,1060.77,Stanford metered controlled-release rate; Supplement Table S6,matched_segment_only
67_all45_ground_truth_nc_mapping.csv,42,RF03E_seg09,2022-10-29T19:38:00Z,32.821,-111.786,"Near Phoenix, Arizona, USA",1,RF03E,9,1289.35,Stanford metered controlled-release rate; Supplement Table S6,matched_segment_only
67_all45_ground_truth_nc_mapping.csv,43,RF03E_seg10,2022-10-29T19:59:00Z,32.821,-111.786,"Near Phoenix, Arizona, USA",1,RF03E,10,585.32,Stanford metered controlled-release rate; Supplement Table S6,matched_segment_only
67_all45_ground_truth_nc_mapping.csv,44,RF03E_seg11,2022-10-29T20:21:00Z,32.821,-111.786,"Near Phoenix, Arizona, USA",1,RF03E,11,199.26,Stanford metered controlled-release rate; Supplement Table S6,matched_segment_only
67_all45_ground_truth_nc_mapping.csv,45,RF03E_seg12,2022-10-29T20:42:00Z,32.821,-111.786,"Near Phoenix, Arizona, USA",1,RF03E,12,493.52,Stanford metered controlled-release rate; Supplement Table S6,matched_segment_only
67_all45_ground_truth_nc_mapping.csv,46,RF03E_seg13,2022-10-29T21:02:00Z,32.821,-111.786,"Near Phoenix, Arizona, USA",1,RF03E,13,168.86,Stanford metered controlled-release rate; Supplement Table S6,matched_segment_only
40_five_site_time_coordinates_all_75_rows.csv,29,S2_HIGH_CLEAN_05,2022-11-08T18:15:51Z,32.82184212617719,-111.78575412267914,Casa_Grande_AZ_release_stacks,1,,,,2024_AMT,
40_five_site_time_coordinates_all_75_rows.csv,31,S2_HIGH_CLEAN_06,2022-11-15T18:06:21Z,32.82184212617719,-111.78575412267914,Casa_Grande_AZ_release_stacks,1,,,,2024_AMT,
40_five_site_time_coordinates_all_75_rows.csv,32,S2_HIGH_CLEAN_07,2022-11-18T18:16:41Z,32.82184212617719,-111.78575412267914,Casa_Grande_AZ_release_stacks,1,,,,2024_AMT,
40_five_site_time_coordinates_all_75_rows.csv,49,MethaneAIR_site_043_positive_001,2023-06-02T16:04:29Z,32.246277317432046,-93.2856622186733,MethaneAIR_site_043,1,,,,MethaneAIR,
40_five_site_time_coordinates_all_75_rows.csv,50,MethaneAIR_site_043_positive_002,2023-06-27T16:15:10Z,32.24519283266435,-93.28650804825656,MethaneAIR_site_043,1,,,,MethaneAIR,
40_five_site_time_coordinates_all_75_rows.csv,51,MethaneAIR_site_038_positive_001,2023-07-19T14:09:38Z,32.201059790761924,-103.68501808675067,MethaneAIR_site_038,1,,,,MethaneAIR,
40_five_site_time_coordinates_all_75_rows.csv,47,MethaneAIR_site_073_positive_001,2023-07-31T14:10:07Z,39.4876382946067,-80.54822647323547,MethaneAIR_site_073,1,,,,MethaneAIR,
40_five_site_time_coordinates_all_75_rows.csv,48,MethaneAIR_site_073_positive_002,2023-09-04T14:11:51Z,39.48816803692425,-80.54543215634624,MethaneAIR_site_073,1,,,,MethaneAIR,
40_five_site_time_coordinates_all_75_rows.csv,52,MethaneAIR_site_038_positive_002,2023-10-03T16:45:23Z,32.200325014094986,-103.6837555860098,MethaneAIR_site_038,1,,,,MethaneAIR,
