id,plume_id,label,pred_label_s5p,pred_prob1_s5p,pred_correct_s5p,datetime,latitude,longitude,region,s5p_0_path
265172,emi20250808t144449p10003-M,1,0.0,0.4063059687614441,0,2025-08-08T14:44:49Z,31.66999097634509,-102.18695294720152,NorthAmerica,/mnt/engg-leung/Research_No9_Methane_Emissions/Yuyao/Dataset/s5p_patches_3x3_to_224_offl_triplet/samples2/pos/emi20250808t144449p10003-M/s5p_pos_00.npz
265173,emi20250808t144449p10003-L,1,0.0,0.4063059687614441,0,2025-08-08T14:44:49Z,31.691631770818603,-102.178780239752,NorthAmerica,/mnt/engg-leung/Research_No9_Methane_Emissions/Yuyao/Dataset/s5p_patches_3x3_to_224_offl_triplet/samples2/pos/emi20250808t144449p10003-L/s5p_pos_00.npz
265322,tan20250801t073636c55s4001-B,1,0.0,0.4139862954616546,0,2025-08-01T07:36:36Z,40.019477991424736,58.37992563431439,Europe,/mnt/engg-leung/Research_No9_Methane_Emissions/Yuyao/Dataset/s5p_patches_3x3_to_224_offl_triplet/samples2/pos/tan20250801t073636c55s4001-B/s5p_pos_00.npz
265333,tan20250801t140605c33s4001-B,1,0.0,0.2562989294528961,0,2025-08-01T14:06:05Z,-23.47847584636098,-46.80122649430516,SouthAmerica,/mnt/engg-leung/Research_No9_Methane_Emissions/Yuyao/Dataset/s5p_patches_3x3_to_224_offl_triplet/samples2/pos/tan20250801t140605c33s4001-B/s5p_pos_00.npz
265335,tan20250801t140605c33s4001-A,1,0.0,0.2024440914392471,0,2025-08-01T14:06:05Z,-23.34630218770954,-46.77395356644419,SouthAmerica,/mnt/engg-leung/Research_No9_Methane_Emissions/Yuyao/Dataset/s5p_patches_3x3_to_224_offl_triplet/samples2/pos/tan20250801t140605c33s4001-A/s5p_pos_00.npz
265340,tan20250803t075028c55s4001-E,0,1.0,0.619872510433197,0,2025-08-03T07:50:28Z,39.46582692756212,53.78872442898003,Europe,/mnt/engg-leung/Research_No9_Methane_Emissions/Yuyao/Dataset/s5p_patches_3x3_to_224_offl_triplet/samples2/neg/tan20250803t075028c55s4001-E/s5p_neg_00.npz
265342,tan20250803t075028c55s4001-J,0,1.0,0.6812165379524231,0,2025-08-03T07:50:28Z,39.48421572458764,53.72092110254744,Europe,/mnt/engg-leung/Research_No9_Methane_Emissions/Yuyao/Dataset/s5p_patches_3x3_to_224_offl_triplet/samples2/neg/tan20250803t075028c55s4001-J/s5p_neg_00.npz
265348,tan20250803t075028c55s4001-B,0,1.0,0.7721307873725891,0,2025-08-03T07:50:28Z,39.37359497147153,53.83039310537103,Europe,/mnt/engg-leung/Research_No9_Methane_Emissions/Yuyao/Dataset/s5p_patches_3x3_to_224_offl_triplet/samples2/neg/tan20250803t075028c55s4001-B/s5p_neg_00.npz
265352,tan20250803t075028c55s4001-D,0,1.0,0.703334629535675,0,2025-08-03T07:50:28Z,39.46202457677569,53.77611869878203,Europe,/mnt/engg-leung/Research_No9_Methane_Emissions/Yuyao/Dataset/s5p_patches_3x3_to_224_offl_triplet/samples2/neg/tan20250803t075028c55s4001-D/s5p_neg_00.npz
265357,tan20250802t192420c21s4001-C,1,0.0,0.1306293159723281,0,2025-08-02T19:24:20Z,35.249470211834506,-119.57946458168313,NorthAmerica,/mnt/engg-leung/Research_No9_Methane_Emissions/Yuyao/Dataset/s5p_patches_3x3_to_224_offl_triplet/samples2/pos/tan20250802t192420c21s4001-C/s5p_pos_00.npz
265358,tan20250802t192420c21s4001-A,1,0.0,0.2001197189092636,0,2025-08-02T19:24:20Z,35.31959420329733,-119.6316591737406,NorthAmerica,/mnt/engg-leung/Research_No9_Methane_Emissions/Yuyao/Dataset/s5p_patches_3x3_to_224_offl_triplet/samples2/pos/tan20250802t192420c21s4001-A/s5p_pos_00.npz
265360,tan20250803t075028c55s4001-K,0,1.0,0.5730389952659607,0,2025-08-03T07:50:28Z,39.46520506932845,53.731269811661775,Europe,/mnt/engg-leung/Research_No9_Methane_Emissions/Yuyao/Dataset/s5p_patches_3x3_to_224_offl_triplet/samples2/neg/tan20250803t075028c55s4001-K/s5p_neg_00.npz
265362,tan20250803t075028c55s4001-F,0,1.0,0.5482416152954102,0,2025-08-03T07:50:28Z,39.459445258332096,53.75087606028475,Europe,/mnt/engg-leung/Research_No9_Methane_Emissions/Yuyao/Dataset/s5p_patches_3x3_to_224_offl_triplet/samples2/neg/tan20250803t075028c55s4001-F/s5p_neg_00.npz
265364,tan20250803t075028c55s4001-C,0,1.0,0.5704461336135864,0,2025-08-03T07:50:28Z,39.452571305423305,53.81011113112695,Europe,/mnt/engg-leung/Research_No9_Methane_Emissions/Yuyao/Dataset/s5p_patches_3x3_to_224_offl_triplet/samples2/neg/tan20250803t075028c55s4001-C/s5p_neg_00.npz
265365,tan20250802t192420c21s4001-B,1,0.0,0.1719445884227752,0,2025-08-02T19:24:20Z,35.278093412977015,-119.60082260337852,NorthAmerica,/mnt/engg-leung/Research_No9_Methane_Emissions/Yuyao/Dataset/s5p_patches_3x3_to_224_offl_triplet/samples2/pos/tan20250802t192420c21s4001-B/s5p_pos_00.npz
265368,tan20250803t075028c55s4001-L,0,1.0,0.5707720518112183,0,2025-08-03T07:50:28Z,39.44312066102589,53.82129832228924,Europe,/mnt/engg-leung/Research_No9_Methane_Emissions/Yuyao/Dataset/s5p_patches_3x3_to_224_offl_triplet/samples2/neg/tan20250803t075028c55s4001-L/s5p_neg_00.npz
265369,tan20250801t182955c55s4001-A,1,0.0,0.3879425525665283,0,2025-08-01T18:29:55Z,40.10568320714319,-104.36191486801263,NorthAmerica,/mnt/engg-leung/Research_No9_Methane_Emissions/Yuyao/Dataset/s5p_patches_3x3_to_224_offl_triplet/samples2/pos/tan20250801t182955c55s4001-A/s5p_pos_00.npz
265372,tan20250803t075028c55s4001-M,0,1.0,0.5504286289215088,0,2025-08-03T07:50:28Z,39.45883345034434,53.79293687969647,Europe,/mnt/engg-leung/Research_No9_Methane_Emissions/Yuyao/Dataset/s5p_patches_3x3_to_224_offl_triplet/samples2/neg/tan20250803t075028c55s4001-M/s5p_neg_00.npz
265376,tan20250803t075028c55s4001-N,0,1.0,0.624751627445221,0,2025-08-03T07:50:28Z,39.46440254671549,53.734572641759286,Europe,/mnt/engg-leung/Research_No9_Methane_Emissions/Yuyao/Dataset/s5p_patches_3x3_to_224_offl_triplet/samples2/neg/tan20250803t075028c55s4001-N/s5p_neg_00.npz
265378,tan20250803t075028c55s4001-O,0,1.0,0.6728861927986145,0,2025-08-03T07:50:28Z,39.51751010517484,53.77261774776167,Europe,/mnt/engg-leung/Research_No9_Methane_Emissions/Yuyao/Dataset/s5p_patches_3x3_to_224_offl_triplet/samples2/neg/tan20250803t075028c55s4001-O/s5p_neg_00.npz
265380,tan20250803t075028c55s4001-R,0,1.0,0.7431073784828186,0,2025-08-03T07:50:28Z,39.37643224843217,53.84181097761007,Europe,/mnt/engg-leung/Research_No9_Methane_Emissions/Yuyao/Dataset/s5p_patches_3x3_to_224_offl_triplet/samples2/neg/tan20250803t075028c55s4001-R/s5p_neg_00.npz
265382,tan20250803t075028c55s4001-P,0,1.0,0.6561533808708191,0,2025-08-03T07:50:28Z,39.49892784510149,53.762712972218736,Europe,/mnt/engg-leung/Research_No9_Methane_Emissions/Yuyao/Dataset/s5p_patches_3x3_to_224_offl_triplet/samples2/neg/tan20250803t075028c55s4001-P/s5p_neg_00.npz
265384,tan20250803t075028c55s4001-W,0,1.0,0.5981200933456421,0,2025-08-03T07:50:28Z,39.351243525134805,53.77470697940092,Europe,/mnt/engg-leung/Research_No9_Methane_Emissions/Yuyao/Dataset/s5p_patches_3x3_to_224_offl_triplet/samples2/neg/tan20250803t075028c55s4001-W/s5p_neg_00.npz
265386,tan20250803t075028c55s4001-X,0,1.0,0.7513851523399353,0,2025-08-03T07:50:28Z,39.35742501252835,53.79145296804069,Europe,/mnt/engg-leung/Research_No9_Methane_Emissions/Yuyao/Dataset/s5p_patches_3x3_to_224_offl_triplet/samples2/neg/tan20250803t075028c55s4001-X/s5p_neg_00.npz
265388,tan20250803t075028c55s4001-Z,0,1.0,0.6927236914634705,0,2025-08-03T07:50:28Z,39.475568204073085,53.74003135180888,Europe,/mnt/engg-leung/Research_No9_Methane_Emissions/Yuyao/Dataset/s5p_patches_3x3_to_224_offl_triplet/samples2/neg/tan20250803t075028c55s4001-Z/s5p_neg_00.npz
265390,tan20250803t075028c55s4001-S,0,1.0,0.6800717711448669,0,2025-08-03T07:50:28Z,39.37535509787608,53.830573881226826,Europe,/mnt/engg-leung/Research_No9_Methane_Emissions/Yuyao/Dataset/s5p_patches_3x3_to_224_offl_triplet/samples2/neg/tan20250803t075028c55s4001-S/s5p_neg_00.npz
265392,tan20250803t075028c55s4001-T,0,1.0,0.6839805245399475,0,2025-08-03T07:50:28Z,39.443008669486346,53.81757570314397,Europe,/mnt/engg-leung/Research_No9_Methane_Emissions/Yuyao/Dataset/s5p_patches_3x3_to_224_offl_triplet/samples2/neg/tan20250803t075028c55s4001-T/s5p_neg_00.npz
265396,tan20250803t075028c55s4001-V,0,1.0,0.5563480257987976,0,2025-08-03T07:50:28Z,39.34646815363678,53.879782252905954,Europe,/mnt/engg-leung/Research_No9_Methane_Emissions/Yuyao/Dataset/s5p_patches_3x3_to_224_offl_triplet/samples2/neg/tan20250803t075028c55s4001-V/s5p_neg_00.npz
265397,tan20250806t181920c58s4001-E,1,0.0,0.3618183135986328,0,2025-08-06T18:19:20Z,32.29799158059183,-101.83587080319518,NorthAmerica,/mnt/engg-leung/Research_No9_Methane_Emissions/Yuyao/Dataset/s5p_patches_3x3_to_224_offl_triplet/samples2/pos/tan20250806t181920c58s4001-E/s5p_pos_00.npz
265399,tan20250806t181920c58s4001-A,1,0.0,0.3837572634220123,0,2025-08-06T18:19:20Z,32.11312314847689,-101.88794172340152,NorthAmerica,/mnt/engg-leung/Research_No9_Methane_Emissions/Yuyao/Dataset/s5p_patches_3x3_to_224_offl_triplet/samples2/pos/tan20250806t181920c58s4001-A/s5p_pos_00.npz
265400,tan20250806t181920c58s4001-A,0,1.0,0.5411292910575867,0,2025-08-06T18:19:20Z,32.11312314847689,-101.88794172340152,NorthAmerica,/mnt/engg-leung/Research_No9_Methane_Emissions/Yuyao/Dataset/s5p_patches_3x3_to_224_offl_triplet/samples2/neg/tan20250806t181920c58s4001-A/s5p_neg_00.npz
265401,tan20250806t181920c58s4001-F,1,0.0,0.4416822493076324,0,2025-08-06T18:19:20Z,32.32702559824635,-101.82012724458276,NorthAmerica,/mnt/engg-leung/Research_No9_Methane_Emissions/Yuyao/Dataset/s5p_patches_3x3_to_224_offl_triplet/samples2/pos/tan20250806t181920c58s4001-F/s5p_pos_00.npz
265403,tan20250806t181920c58s4001-G,1,0.0,0.4682928621768951,0,2025-08-06T18:19:20Z,32.393676008327304,-101.74439819845672,NorthAmerica,/mnt/engg-leung/Research_No9_Methane_Emissions/Yuyao/Dataset/s5p_patches_3x3_to_224_offl_triplet/samples2/pos/tan20250806t181920c58s4001-G/s5p_pos_00.npz
265404,tan20250806t181920c58s4001-G,0,1.0,0.5944653749465942,0,2025-08-06T18:19:20Z,32.393676008327304,-101.74439819845672,NorthAmerica,/mnt/engg-leung/Research_No9_Methane_Emissions/Yuyao/Dataset/s5p_patches_3x3_to_224_offl_triplet/samples2/neg/tan20250806t181920c58s4001-G/s5p_neg_00.npz
265405,tan20250806t181920c58s4001-H,1,0.0,0.4682928621768951,0,2025-08-06T18:19:20Z,32.37585049791201,-101.79083475624292,NorthAmerica,/mnt/engg-leung/Research_No9_Methane_Emissions/Yuyao/Dataset/s5p_patches_3x3_to_224_offl_triplet/samples2/pos/tan20250806t181920c58s4001-H/s5p_pos_00.npz
265407,tan20250806t181920c58s4001-C,1,0.0,0.340986430644989,0,2025-08-06T18:19:20Z,32.24444452785808,-101.90279112727028,NorthAmerica,/mnt/engg-leung/Research_No9_Methane_Emissions/Yuyao/Dataset/s5p_patches_3x3_to_224_offl_triplet/samples2/pos/tan20250806t181920c58s4001-C/s5p_pos_00.npz
265409,tan20250806t181920c58s4001-B,1,0.0,0.3988061249256134,0,2025-08-06T18:19:20Z,32.212185889923006,-101.89000922971634,NorthAmerica,/mnt/engg-leung/Research_No9_Methane_Emissions/Yuyao/Dataset/s5p_patches_3x3_to_224_offl_triplet/samples2/pos/tan20250806t181920c58s4001-B/s5p_pos_00.npz
265411,tan20250806t181920c58s4001-D,1,0.0,0.340986430644989,0,2025-08-06T18:19:20Z,32.24381578288809,-101.90521692131138,NorthAmerica,/mnt/engg-leung/Research_No9_Methane_Emissions/Yuyao/Dataset/s5p_patches_3x3_to_224_offl_triplet/samples2/pos/tan20250806t181920c58s4001-D/s5p_pos_00.npz
265414,tan20250805t080356c55s4001-I,0,1.0,0.7402551770210266,0,2025-08-05T08:03:56Z,39.37180481668722,53.83160711711861,Europe,/mnt/engg-leung/Research_No9_Methane_Emissions/Yuyao/Dataset/s5p_patches_3x3_to_224_offl_triplet/samples2/neg/tan20250805t080356c55s4001-I/s5p_neg_00.npz
265416,tan20250805t080356c55s4001-A,0,1.0,0.5003257393836975,0,2025-08-05T08:03:56Z,39.37358256595863,53.831895979698174,Europe,/mnt/engg-leung/Research_No9_Methane_Emissions/Yuyao/Dataset/s5p_patches_3x3_to_224_offl_triplet/samples2/neg/tan20250805t080356c55s4001-A/s5p_neg_00.npz
265418,tan20250805t080356c55s4001-C,0,1.0,0.6331197023391724,0,2025-08-05T08:03:56Z,39.37635969897971,53.841993850580025,Europe,/mnt/engg-leung/Research_No9_Methane_Emissions/Yuyao/Dataset/s5p_patches_3x3_to_224_offl_triplet/samples2/neg/tan20250805t080356c55s4001-C/s5p_neg_00.npz
265420,tan20250805t080356c55s4001-D,0,1.0,0.5820644497871399,0,2025-08-05T08:03:56Z,39.37694933013461,53.8298460764756,Europe,/mnt/engg-leung/Research_No9_Methane_Emissions/Yuyao/Dataset/s5p_patches_3x3_to_224_offl_triplet/samples2/neg/tan20250805t080356c55s4001-D/s5p_neg_00.npz
265422,tan20250806t120420c94s4001-A,0,1.0,0.5111249089241028,0,2025-08-06T12:04:20Z,37.22266794104945,-5.873523608334665,Europe,/mnt/engg-leung/Research_No9_Methane_Emissions/Yuyao/Dataset/s5p_patches_3x3_to_224_offl_triplet/samples2/neg/tan20250806t120420c94s4001-A/s5p_neg_00.npz
265423,tan20250805t080356c55s4001-B,1,0.0,0.4248149991035461,0,2025-08-05T08:03:56Z,39.36487993823613,53.82976427673276,Europe,/mnt/engg-leung/Research_No9_Methane_Emissions/Yuyao/Dataset/s5p_patches_3x3_to_224_offl_triplet/samples2/pos/tan20250805t080356c55s4001-B/s5p_pos_00.npz
265425,tan20250806t181920c58s4001-I,1,0.0,0.3952528536319732,0,2025-08-06T18:19:20Z,32.25056618771232,-101.85536008648756,NorthAmerica,/mnt/engg-leung/Research_No9_Methane_Emissions/Yuyao/Dataset/s5p_patches_3x3_to_224_offl_triplet/samples2/pos/tan20250806t181920c58s4001-I/s5p_pos_00.npz
265427,tan20250806t181920c58s4001-J,1,0.0,0.3915582597255707,0,2025-08-06T18:19:20Z,32.0908345001082,-101.82428712992582,NorthAmerica,/mnt/engg-leung/Research_No9_Methane_Emissions/Yuyao/Dataset/s5p_patches_3x3_to_224_offl_triplet/samples2/pos/tan20250806t181920c58s4001-J/s5p_pos_00.npz
265429,tan20250808t091346c58s4001-D,1,0.0,0.4218473732471466,0,2025-08-08T09:13:46Z,28.91323276599529,33.19590956849876,Africa,/mnt/engg-leung/Research_No9_Methane_Emissions/Yuyao/Dataset/s5p_patches_3x3_to_224_offl_triplet/samples2/pos/tan20250808t091346c58s4001-D/s5p_pos_00.npz
265432,tan20250808t091346c58s4001-A,0,1.0,0.5725684762001038,0,2025-08-08T09:13:46Z,28.94336606747636,33.19906655254124,Africa,/mnt/engg-leung/Research_No9_Methane_Emissions/Yuyao/Dataset/s5p_patches_3x3_to_224_offl_triplet/samples2/neg/tan20250808t091346c58s4001-A/s5p_neg_00.npz
265433,tan20250810t075511c58s4001-C,1,0.0,0.4869154989719391,0,2025-08-10T07:55:11Z,24.927936766740828,51.56719197322138,Africa,/mnt/engg-leung/Research_No9_Methane_Emissions/Yuyao/Dataset/s5p_patches_3x3_to_224_offl_triplet/samples2/pos/tan20250810t075511c58s4001-C/s5p_pos_00.npz
265435,tan20250810t075511c58s4001-B,1,0.0,0.4714786112308502,0,2025-08-10T07:55:11Z,24.921237829799622,51.55618777928282,Africa,/mnt/engg-leung/Research_No9_Methane_Emissions/Yuyao/Dataset/s5p_patches_3x3_to_224_offl_triplet/samples2/pos/tan20250810t075511c58s4001-B/s5p_pos_00.npz
265438,tan20250810t075511c58s4001-I,0,1.0,0.6349468231201172,0,2025-08-10T07:55:11Z,25.02272104157099,51.45106138803823,Africa,/mnt/engg-leung/Research_No9_Methane_Emissions/Yuyao/Dataset/s5p_patches_3x3_to_224_offl_triplet/samples2/neg/tan20250810t075511c58s4001-I/s5p_neg_00.npz
265439,tan20250810t075511c58s4001-A,1,0.0,0.4714786112308502,0,2025-08-10T07:55:11Z,24.91430366559824,51.548470813316015,Africa,/mnt/engg-leung/Research_No9_Methane_Emissions/Yuyao/Dataset/s5p_patches_3x3_to_224_offl_triplet/samples2/pos/tan20250810t075511c58s4001-A/s5p_pos_00.npz
265440,tan20250810t075511c58s4001-A,0,1.0,0.7324745655059814,0,2025-08-10T07:55:11Z,24.91430366559824,51.548470813316015,Africa,/mnt/engg-leung/Research_No9_Methane_Emissions/Yuyao/Dataset/s5p_patches_3x3_to_224_offl_triplet/samples2/neg/tan20250810t075511c58s4001-A/s5p_neg_00.npz
265447,tan20250811t040437c74s4001-H,1,0.0,0.2442913204431533,0,2025-08-11T04:04:37Z,39.923349637882495,112.89894408614435,Asia,/mnt/engg-leung/Research_No9_Methane_Emissions/Yuyao/Dataset/s5p_patches_3x3_to_224_offl_triplet/samples2/pos/tan20250811t040437c74s4001-H/s5p_pos_00.npz
265451,tan20250810t184225c58s4001-C,1,0.0,0.4029943943023681,0,2025-08-10T18:42:25Z,48.05150186975385,-103.2194885336607,NorthAmerica,/mnt/engg-leung/Research_No9_Methane_Emissions/Yuyao/Dataset/s5p_patches_3x3_to_224_offl_triplet/samples2/pos/tan20250810t184225c58s4001-C/s5p_pos_00.npz
265453,tan20250810t141739c80s4001-A,1,0.0,0.3233181834220886,0,2025-08-10T14:17:39Z,-10.360331358526224,-48.23962086949123,SouthAmerica,/mnt/engg-leung/Research_No9_Methane_Emissions/Yuyao/Dataset/s5p_patches_3x3_to_224_offl_triplet/samples2/pos/tan20250810t141739c80s4001-A/s5p_pos_00.npz
265454,tan20250810t141739c80s4001-A,0,1.0,0.778229832649231,0,2025-08-10T14:17:39Z,-10.360331358526224,-48.23962086949123,SouthAmerica,/mnt/engg-leung/Research_No9_Methane_Emissions/Yuyao/Dataset/s5p_patches_3x3_to_224_offl_triplet/samples2/neg/tan20250810t141739c80s4001-A/s5p_neg_00.npz
265455,tan20250810t142021c88s4001-A,1,0.0,0.2571934163570404,0,2025-08-10T14:20:21Z,-21.396819295863708,-47.95793245500113,SouthAmerica,/mnt/engg-leung/Research_No9_Methane_Emissions/Yuyao/Dataset/s5p_patches_3x3_to_224_offl_triplet/samples2/pos/tan20250810t142021c88s4001-A/s5p_pos_00.npz
265457,tan20250811t151511c46s4001-A,1,0.0,0.1185517758131027,0,2025-08-11T15:15:11Z,-26.83159068756593,-64.87049414238123,SouthAmerica,/mnt/engg-leung/Research_No9_Methane_Emissions/Yuyao/Dataset/s5p_patches_3x3_to_224_offl_triplet/samples2/pos/tan20250811t151511c46s4001-A/s5p_pos_00.npz
265459,tan20250811t230454c03s4001-A,1,0.0,0.1226218715310096,0,2025-08-11T23:04:54Z,-37.36887091035319,175.05855153127385,Oceania,/mnt/engg-leung/Research_No9_Methane_Emissions/Yuyao/Dataset/s5p_patches_3x3_to_224_offl_triplet/samples2/pos/tan20250811t230454c03s4001-A/s5p_pos_00.npz
265460,tan20250811t230454c03s4001-A,0,1.0,0.6258476376533508,0,2025-08-11T23:04:54Z,-37.36887091035319,175.05855153127385,Oceania,/mnt/engg-leung/Research_No9_Methane_Emissions/Yuyao/Dataset/s5p_patches_3x3_to_224_offl_triplet/samples2/neg/tan20250811t230454c03s4001-A/s5p_neg_00.npz
265464,tan20250812t080453c58s4001-F,0,1.0,0.6595329642295837,0,2025-08-12T08:04:53Z,39.5105260511435,53.42009827958682,Europe,/mnt/engg-leung/Research_No9_Methane_Emissions/Yuyao/Dataset/s5p_patches_3x3_to_224_offl_triplet/samples2/neg/tan20250812t080453c58s4001-F/s5p_neg_00.npz
265471,tan20250812t080453c58s4001-D,0,1.0,0.6824976801872253,0,2025-08-12T08:04:53Z,39.44925934535391,53.58380232938848,Europe,/mnt/engg-leung/Research_No9_Methane_Emissions/Yuyao/Dataset/s5p_patches_3x3_to_224_offl_triplet/samples2/neg/tan20250812t080453c58s4001-D/s5p_neg_00.npz
265473,tan20250812t080709c58s4001-F,0,1.0,0.6290385723114014,0,2025-08-12T08:07:09Z,31.04201238014292,49.40226772303603,Africa,/mnt/engg-leung/Research_No9_Methane_Emissions/Yuyao/Dataset/s5p_patches_3x3_to_224_offl_triplet/samples2/neg/tan20250812t080709c58s4001-F/s5p_neg_00.npz
265477,tan20250813t072457c58s4001-A,0,1.0,0.5274236798286438,0,2025-08-13T07:24:57Z,40.247006232880295,61.30316375257286,Asia,/mnt/engg-leung/Research_No9_Methane_Emissions/Yuyao/Dataset/s5p_patches_3x3_to_224_offl_triplet/samples2/neg/tan20250813t072457c58s4001-A/s5p_neg_00.npz
265479,tan20250812t080453c58s4001-G,0,1.0,0.7372100353240967,0,2025-08-12T08:04:53Z,39.507909933380944,53.40201571480122,Europe,/mnt/engg-leung/Research_No9_Methane_Emissions/Yuyao/Dataset/s5p_patches_3x3_to_224_offl_triplet/samples2/neg/tan20250812t080453c58s4001-G/s5p_neg_00.npz
265480,tan20250813t195135c46s4001-C,1,0.0,0.4263381659984588,0,2025-08-13T19:51:35Z,38.51538637263812,-121.1923643986676,NorthAmerica,/mnt/engg-leung/Research_No9_Methane_Emissions/Yuyao/Dataset/s5p_patches_3x3_to_224_offl_triplet/samples2/pos/tan20250813t195135c46s4001-C/s5p_pos_00.npz
265481,tan20250813t195135c46s4001-A,1,0.0,0.4263381659984588,0,2025-08-13T19:51:35Z,38.52328492906267,-121.18865877428986,NorthAmerica,/mnt/engg-leung/Research_No9_Methane_Emissions/Yuyao/Dataset/s5p_patches_3x3_to_224_offl_triplet/samples2/pos/tan20250813t195135c46s4001-A/s5p_pos_00.npz
265482,tan20250813t195135c46s4001-B,1,0.0,0.4263381659984588,0,2025-08-13T19:51:35Z,38.52041080158267,-121.18678053850223,NorthAmerica,/mnt/engg-leung/Research_No9_Methane_Emissions/Yuyao/Dataset/s5p_patches_3x3_to_224_offl_triplet/samples2/pos/tan20250813t195135c46s4001-B/s5p_pos_00.npz
265485,tan20250815t073830c81s4001-A,0,1.0,0.8398295640945435,0,2025-08-15T07:38:30Z,40.00948873979812,60.93933850648662,Asia,/mnt/engg-leung/Research_No9_Methane_Emissions/Yuyao/Dataset/s5p_patches_3x3_to_224_offl_triplet/samples2/neg/tan20250815t073830c81s4001-A/s5p_neg_00.npz
265486,tan20250815t140759c76s4001-C,1,0.0,0.1487264931201934,0,2025-08-15T14:07:59Z,-23.34236108149932,-46.77062110211915,SouthAmerica,/mnt/engg-leung/Research_No9_Methane_Emissions/Yuyao/Dataset/s5p_patches_3x3_to_224_offl_triplet/samples2/pos/tan20250815t140759c76s4001-C/s5p_pos_00.npz
265488,tan20250815t140759c76s4001-F,1,0.0,0.1487264931201934,0,2025-08-15T14:07:59Z,-23.34727057979425,-46.77703074710013,SouthAmerica,/mnt/engg-leung/Research_No9_Methane_Emissions/Yuyao/Dataset/s5p_patches_3x3_to_224_offl_triplet/samples2/pos/tan20250815t140759c76s4001-F/s5p_pos_00.npz
265489,tan20250815t140759c76s4001-F,0,1.0,0.7244403958320618,0,2025-08-15T14:07:59Z,-23.34727057979425,-46.77703074710013,SouthAmerica,/mnt/engg-leung/Research_No9_Methane_Emissions/Yuyao/Dataset/s5p_patches_3x3_to_224_offl_triplet/samples2/neg/tan20250815t140759c76s4001-F/s5p_neg_00.npz
265490,tan20250815t140759c76s4001-A,1,0.0,0.1487264931201934,0,2025-08-15T14:07:59Z,-23.34482068548114,-46.77631817304268,SouthAmerica,/mnt/engg-leung/Research_No9_Methane_Emissions/Yuyao/Dataset/s5p_patches_3x3_to_224_offl_triplet/samples2/pos/tan20250815t140759c76s4001-A/s5p_pos_00.npz
265492,tan20250815t140759c76s4001-B,1,0.0,0.1487264931201934,0,2025-08-15T14:07:59Z,-23.34568960844807,-46.77266776775102,SouthAmerica,/mnt/engg-leung/Research_No9_Methane_Emissions/Yuyao/Dataset/s5p_patches_3x3_to_224_offl_triplet/samples2/pos/tan20250815t140759c76s4001-B/s5p_pos_00.npz
265494,tan20250816t114007c75s4001-A,1,0.0,0.3896484076976776,0,2025-08-16T11:40:07Z,34.57851988205471,-1.945054360624568,Africa,/mnt/engg-leung/Research_No9_Methane_Emissions/Yuyao/Dataset/s5p_patches_3x3_to_224_offl_triplet/samples2/pos/tan20250816t114007c75s4001-A/s5p_pos_00.npz
265495,tan20250816t114007c75s4001-A,0,1.0,0.50053471326828,0,2025-08-16T11:40:07Z,34.57851988205471,-1.945054360624568,Africa,/mnt/engg-leung/Research_No9_Methane_Emissions/Yuyao/Dataset/s5p_patches_3x3_to_224_offl_triplet/samples2/neg/tan20250816t114007c75s4001-A/s5p_neg_00.npz
265496,tan20250816t114007c75s4001-B,1,0.0,0.3896484076976776,0,2025-08-16T11:40:07Z,34.57610195607347,-1.9455787629311487,Africa,/mnt/engg-leung/Research_No9_Methane_Emissions/Yuyao/Dataset/s5p_patches_3x3_to_224_offl_triplet/samples2/pos/tan20250816t114007c75s4001-B/s5p_pos_00.npz
265497,tan20250816t114007c75s4001-B,0,1.0,0.5215083956718445,0,2025-08-16T11:40:07Z,34.57610195607347,-1.9455787629311487,Africa,/mnt/engg-leung/Research_No9_Methane_Emissions/Yuyao/Dataset/s5p_patches_3x3_to_224_offl_triplet/samples2/neg/tan20250816t114007c75s4001-B/s5p_neg_00.npz
265498,tan20250818t180850c70s4001-A,1,0.0,0.3922018706798553,0,2025-08-18T18:08:50Z,28.182811869123483,-99.22090599495918,NorthAmerica,/mnt/engg-leung/Research_No9_Methane_Emissions/Yuyao/Dataset/s5p_patches_3x3_to_224_offl_triplet/samples2/pos/tan20250818t180850c70s4001-A/s5p_pos_00.npz
265500,tan20250818t180850c70s4001-H,1,0.0,0.3922018706798553,0,2025-08-18T18:08:50Z,28.18704662755832,-99.23568345179726,NorthAmerica,/mnt/engg-leung/Research_No9_Methane_Emissions/Yuyao/Dataset/s5p_patches_3x3_to_224_offl_triplet/samples2/pos/tan20250818t180850c70s4001-H/s5p_pos_00.npz
265505,tan20250819t063120c52s4001-A,0,1.0,0.7257449626922607,0,2025-08-19T06:31:20Z,43.23927022835832,76.56724846399993,Asia,/mnt/engg-leung/Research_No9_Methane_Emissions/Yuyao/Dataset/s5p_patches_3x3_to_224_offl_triplet/samples2/neg/tan20250819t063120c52s4001-A/s5p_neg_00.npz
265507,tan20250820t090109c44s4001-A,0,1.0,0.7951664328575134,0,2025-08-20T09:01:09Z,31.92544062093394,36.19434994428264,Africa,/mnt/engg-leung/Research_No9_Methane_Emissions/Yuyao/Dataset/s5p_patches_3x3_to_224_offl_triplet/samples2/neg/tan20250820t090109c44s4001-A/s5p_neg_00.npz
265511,tan20250819t080441c60s4001-A,0,1.0,0.8087115287780762,0,2025-08-19T08:04:41Z,43.84676986289833,51.52400155489488,Europe,/mnt/engg-leung/Research_No9_Methane_Emissions/Yuyao/Dataset/s5p_patches_3x3_to_224_offl_triplet/samples2/neg/tan20250819t080441c60s4001-A/s5p_neg_00.npz
265514,tan20250820t103002c97s4001-F,1,0.0,0.4345170259475708,0,2025-08-20T10:30:02Z,50.07782070838061,18.545125971155585,Europe,/mnt/engg-leung/Research_No9_Methane_Emissions/Yuyao/Dataset/s5p_patches_3x3_to_224_offl_triplet/samples2/pos/tan20250820t103002c97s4001-F/s5p_pos_00.npz
265517,tan20250820t103002c97s4001-A,0,1.0,0.5855086445808411,0,2025-08-20T10:30:02Z,49.96880954645118,18.62532413387862,Europe,/mnt/engg-leung/Research_No9_Methane_Emissions/Yuyao/Dataset/s5p_patches_3x3_to_224_offl_triplet/samples2/neg/tan20250820t103002c97s4001-A/s5p_neg_00.npz
265519,tan20250820t103002c97s4001-D,0,1.0,0.7790998816490173,0,2025-08-20T10:30:02Z,50.030560646888176,18.573111090032143,Europe,/mnt/engg-leung/Research_No9_Methane_Emissions/Yuyao/Dataset/s5p_patches_3x3_to_224_offl_triplet/samples2/neg/tan20250820t103002c97s4001-D/s5p_neg_00.npz
265521,tan20250820t103002c97s4001-E,0,1.0,0.5288015604019165,0,2025-08-20T10:30:02Z,50.017481631297215,18.5080493160209,Europe,/mnt/engg-leung/Research_No9_Methane_Emissions/Yuyao/Dataset/s5p_patches_3x3_to_224_offl_triplet/samples2/neg/tan20250820t103002c97s4001-E/s5p_neg_00.npz
265522,tan20250820t103002c97s4001-J,1,0.0,0.4595616161823272,0,2025-08-20T10:30:02Z,49.80432175981457,18.5566795771293,Europe,/mnt/engg-leung/Research_No9_Methane_Emissions/Yuyao/Dataset/s5p_patches_3x3_to_224_offl_triplet/samples2/pos/tan20250820t103002c97s4001-J/s5p_pos_00.npz
265523,tan20250820t103002c97s4001-J,0,1.0,0.5929183959960938,0,2025-08-20T10:30:02Z,49.80432175981457,18.5566795771293,Europe,/mnt/engg-leung/Research_No9_Methane_Emissions/Yuyao/Dataset/s5p_patches_3x3_to_224_offl_triplet/samples2/neg/tan20250820t103002c97s4001-J/s5p_neg_00.npz
265525,tan20250820t103002c97s4001-H,0,1.0,0.6306802034378052,0,2025-08-20T10:30:02Z,50.00160840134674,18.61350806969935,Europe,/mnt/engg-leung/Research_No9_Methane_Emissions/Yuyao/Dataset/s5p_patches_3x3_to_224_offl_triplet/samples2/neg/tan20250820t103002c97s4001-H/s5p_neg_00.npz
265526,tan20250820t195310c53s4001-A,1,0.0,0.2760036289691925,0,2025-08-20T19:53:10Z,36.71154594188431,-121.75907682127055,NorthAmerica,/mnt/engg-leung/Research_No9_Methane_Emissions/Yuyao/Dataset/s5p_patches_3x3_to_224_offl_triplet/samples2/pos/tan20250820t195310c53s4001-A/s5p_pos_00.npz
265528,tan20250820t195054c12s4001-C,1,0.0,0.4091601371765136,0,2025-08-20T19:50:54Z,45.56405704671613,-121.13223098511634,NorthAmerica,/mnt/engg-leung/Research_No9_Methane_Emissions/Yuyao/Dataset/s5p_patches_3x3_to_224_offl_triplet/samples2/pos/tan20250820t195054c12s4001-C/s5p_pos_00.npz
265530,tan20250820t195054c12s4001-B,1,0.0,0.4091601371765136,0,2025-08-20T19:50:54Z,45.5629153345808,-121.13430772716237,NorthAmerica,/mnt/engg-leung/Research_No9_Methane_Emissions/Yuyao/Dataset/s5p_patches_3x3_to_224_offl_triplet/samples2/pos/tan20250820t195054c12s4001-B/s5p_pos_00.npz
265532,tan20250822t091340c76s4001-A,0,1.0,0.8894211649894714,0,2025-08-22T09:13:40Z,37.05657320755809,35.39950333328866,Europe,/mnt/engg-leung/Research_No9_Methane_Emissions/Yuyao/Dataset/s5p_patches_3x3_to_224_offl_triplet/samples2/neg/tan20250822t091340c76s4001-A/s5p_neg_00.npz
265533,tan20250821t191418c29s4001-A,1,0.0,0.4677405059337616,0,2025-08-21T19:14:18Z,33.22998759427884,-115.99324968599964,NorthAmerica,/mnt/engg-leung/Research_No9_Methane_Emissions/Yuyao/Dataset/s5p_patches_3x3_to_224_offl_triplet/samples2/pos/tan20250821t191418c29s4001-A/s5p_pos_00.npz
265536,tan20250822t121934c82s4001-A,0,1.0,0.5628882050514221,0,2025-08-22T12:19:34Z,38.61045074818915,-8.974586574573124,Europe,/mnt/engg-leung/Research_No9_Methane_Emissions/Yuyao/Dataset/s5p_patches_3x3_to_224_offl_triplet/samples2/neg/tan20250822t121934c82s4001-A/s5p_neg_00.npz
265537,tan20250822t140904c82s4001-C,1,0.0,0.3826562762260437,0,2025-08-22T14:09:04Z,-23.479601816977137,-46.79998636279251,SouthAmerica,/mnt/engg-leung/Research_No9_Methane_Emissions/Yuyao/Dataset/s5p_patches_3x3_to_224_offl_triplet/samples2/pos/tan20250822t140904c82s4001-C/s5p_pos_00.npz
265542,tan20250822t140904c82s4001-A,0,1.0,0.5187168717384338,0,2025-08-22T14:09:04Z,-23.344898529086933,-46.77644938201922,SouthAmerica,/mnt/engg-leung/Research_No9_Methane_Emissions/Yuyao/Dataset/s5p_patches_3x3_to_224_offl_triplet/samples2/neg/tan20250822t140904c82s4001-A/s5p_neg_00.npz
265546,tan20250822t140904c82s4001-B,0,1.0,0.7585621476173401,0,2025-08-22T14:09:04Z,-23.345611743382463,-46.774330812627255,SouthAmerica,/mnt/engg-leung/Research_No9_Methane_Emissions/Yuyao/Dataset/s5p_patches_3x3_to_224_offl_triplet/samples2/neg/tan20250822t140904c82s4001-B/s5p_neg_00.npz
265547,tan20250824t031328c11s4001-F,1,0.0,0.3712398409843445,0,2025-08-24T03:13:28Z,37.53498311143754,126.60960640763584,Asia,/mnt/engg-leung/Research_No9_Methane_Emissions/Yuyao/Dataset/s5p_patches_3x3_to_224_offl_triplet/samples2/pos/tan20250824t031328c11s4001-F/s5p_pos_00.npz
265549,tan20250824t110241c75s4001-B,1,0.0,0.4035490751266479,0,2025-08-24T11:02:41Z,28.617339063165986,7.703993326789998,Africa,/mnt/engg-leung/Research_No9_Methane_Emissions/Yuyao/Dataset/s5p_patches_3x3_to_224_offl_triplet/samples2/pos/tan20250824t110241c75s4001-B/s5p_pos_00.npz
265550,tan20250824t110241c75s4001-B,0,1.0,0.524511456489563,0,2025-08-24T11:02:41Z,28.617339063165986,7.703993326789998,Africa,/mnt/engg-leung/Research_No9_Methane_Emissions/Yuyao/Dataset/s5p_patches_3x3_to_224_offl_triplet/samples2/neg/tan20250824t110241c75s4001-B/s5p_neg_00.npz
265557,tan20250825t151817c73s4001-A,1,0.0,0.0725502222776413,0,2025-08-25T15:18:17Z,-31.515790084658548,-64.23069996675348,SouthAmerica,/mnt/engg-leung/Research_No9_Methane_Emissions/Yuyao/Dataset/s5p_patches_3x3_to_224_offl_triplet/samples2/pos/tan20250825t151817c73s4001-A/s5p_pos_00.npz
265559,tan20250825t151817c73s4001-B,1,0.0,0.3021883070468902,0,2025-08-25T15:18:17Z,-31.40616946571381,-64.10268656046756,SouthAmerica,/mnt/engg-leung/Research_No9_Methane_Emissions/Yuyao/Dataset/s5p_patches_3x3_to_224_offl_triplet/samples2/pos/tan20250825t151817c73s4001-B/s5p_pos_00.npz
265561,tan20250825t194057c59s4001-C,1,0.0,0.1511514037847519,0,2025-08-25T19:40:57Z,35.20445216787529,-119.45486181475226,NorthAmerica,/mnt/engg-leung/Research_No9_Methane_Emissions/Yuyao/Dataset/s5p_patches_3x3_to_224_offl_triplet/samples2/pos/tan20250825t194057c59s4001-C/s5p_pos_00.npz
265562,tan20250825t194057c59s4001-A,1,0.0,0.4959763586521148,0,2025-08-25T19:40:57Z,35.25292046259304,-119.3786727022826,NorthAmerica,/mnt/engg-leung/Research_No9_Methane_Emissions/Yuyao/Dataset/s5p_patches_3x3_to_224_offl_triplet/samples2/pos/tan20250825t194057c59s4001-A/s5p_pos_00.npz
265564,tan20250826t093940c04s4001-A,0,1.0,0.6984431147575378,0,2025-08-26T09:39:40Z,40.78610467373844,30.01686934137308,Europe,/mnt/engg-leung/Research_No9_Methane_Emissions/Yuyao/Dataset/s5p_patches_3x3_to_224_offl_triplet/samples2/neg/tan20250826t093940c04s4001-A/s5p_neg_00.npz
265570,tan20250826t143923c11s4001-A,0,1.0,0.5679601430892944,0,2025-08-26T14:39:23Z,-34.85281210762289,-56.09719184591441,SouthAmerica,/mnt/engg-leung/Research_No9_Methane_Emissions/Yuyao/Dataset/s5p_patches_3x3_to_224_offl_triplet/samples2/neg/tan20250826t143923c11s4001-A/s5p_neg_00.npz
265574,tan20250829t074034c90s4001-A,0,1.0,0.6200875043869019,0,2025-08-29T07:40:34Z,40.04926767634899,61.04620487868479,Asia,/mnt/engg-leung/Research_No9_Methane_Emissions/Yuyao/Dataset/s5p_patches_3x3_to_224_offl_triplet/samples2/neg/tan20250829t074034c90s4001-A/s5p_neg_00.npz
265578,tan20250828t081923c85s4001-A,0,1.0,0.8382483124732971,0,2025-08-28T08:19:23Z,43.551933046091136,51.98456014189125,Europe,/mnt/engg-leung/Research_No9_Methane_Emissions/Yuyao/Dataset/s5p_patches_3x3_to_224_offl_triplet/samples2/neg/tan20250828t081923c85s4001-A/s5p_neg_00.npz
265580,tan20250829t091624c94s4001-A,0,1.0,0.787529706954956,0,2025-08-29T09:16:24Z,30.25613992539473,31.56426917057871,Africa,/mnt/engg-leung/Research_No9_Methane_Emissions/Yuyao/Dataset/s5p_patches_3x3_to_224_offl_triplet/samples2/neg/tan20250829t091624c94s4001-A/s5p_neg_00.npz
265583,tan20250828t145030c99s4001-A,1,0.0,0.3531495928764343,0,2025-08-28T14:50:30Z,-25.15454941155737,-57.61589266576108,SouthAmerica,/mnt/engg-leung/Research_No9_Methane_Emissions/Yuyao/Dataset/s5p_patches_3x3_to_224_offl_triplet/samples2/pos/tan20250828t145030c99s4001-A/s5p_pos_00.npz
265591,tan20250830t151006c01s4001-A,1,0.0,0.339674562215805,0,2025-08-30T15:10:06Z,-46.56593037953926,-67.97349680690351,SouthAmerica,/mnt/engg-leung/Research_No9_Methane_Emissions/Yuyao/Dataset/s5p_patches_3x3_to_224_offl_triplet/samples2/pos/tan20250830t151006c01s4001-A/s5p_pos_00.npz
265594,tan20250831t092428c91s4001-A,0,1.0,0.7275508046150208,0,2025-08-31T09:24:28Z,52.01796022573262,36.3331605060352,Europe,/mnt/engg-leung/Research_No9_Methane_Emissions/Yuyao/Dataset/s5p_patches_3x3_to_224_offl_triplet/samples2/neg/tan20250831t092428c91s4001-A/s5p_neg_00.npz
265595,tan20250831t092515c41s4001-D,1,0.0,0.4240533709526062,0,2025-08-31T09:25:15Z,48.06560351136545,37.92129003114252,Europe,/mnt/engg-leung/Research_No9_Methane_Emissions/Yuyao/Dataset/s5p_patches_3x3_to_224_offl_triplet/samples2/pos/tan20250831t092515c41s4001-D/s5p_pos_00.npz
265596,tan20250831t092515c41s4001-D,0,1.0,0.8006177544593811,0,2025-08-31T09:25:15Z,48.06560351136545,37.92129003114252,Europe,/mnt/engg-leung/Research_No9_Methane_Emissions/Yuyao/Dataset/s5p_patches_3x3_to_224_offl_triplet/samples2/neg/tan20250831t092515c41s4001-D/s5p_neg_00.npz
265597,tan20250831t171401c08s4001-F,1,0.0,0.3984998762607574,0,2025-08-31T17:14:01Z,39.853720122158165,-80.45300432987918,NorthAmerica,/mnt/engg-leung/Research_No9_Methane_Emissions/Yuyao/Dataset/s5p_patches_3x3_to_224_offl_triplet/samples2/pos/tan20250831t171401c08s4001-F/s5p_pos_00.npz
265599,tan20250831t171401c08s4001-C,1,0.0,0.3984998762607574,0,2025-08-31T17:14:01Z,39.859284077134674,-80.40027581658687,NorthAmerica,/mnt/engg-leung/Research_No9_Methane_Emissions/Yuyao/Dataset/s5p_patches_3x3_to_224_offl_triplet/samples2/pos/tan20250831t171401c08s4001-C/s5p_pos_00.npz
265602,tan20250831t171401c08s4001-N,1,0.0,0.3984998762607574,0,2025-08-31T17:14:01Z,39.87183558539476,-80.44516617649158,NorthAmerica,/mnt/engg-leung/Research_No9_Methane_Emissions/Yuyao/Dataset/s5p_patches_3x3_to_224_offl_triplet/samples2/pos/tan20250831t171401c08s4001-N/s5p_pos_00.npz
265603,tan20250831t171401c08s4001-N,0,1.0,0.6597253680229187,0,2025-08-31T17:14:01Z,39.87183558539476,-80.44516617649158,NorthAmerica,/mnt/engg-leung/Research_No9_Methane_Emissions/Yuyao/Dataset/s5p_patches_3x3_to_224_offl_triplet/samples2/neg/tan20250831t171401c08s4001-N/s5p_neg_00.npz
265604,tan20250831t171401c08s4001-K,1,0.0,0.4408124387264251,0,2025-08-31T17:14:01Z,40.06066734010045,-80.41580564767243,NorthAmerica,/mnt/engg-leung/Research_No9_Methane_Emissions/Yuyao/Dataset/s5p_patches_3x3_to_224_offl_triplet/samples2/pos/tan20250831t171401c08s4001-K/s5p_pos_00.npz
265609,tan20250831t171401c08s4001-A,0,1.0,0.5038296580314636,0,2025-08-31T17:14:01Z,40.21263664231421,-80.27208883123546,NorthAmerica,/mnt/engg-leung/Research_No9_Methane_Emissions/Yuyao/Dataset/s5p_patches_3x3_to_224_offl_triplet/samples2/neg/tan20250831t171401c08s4001-A/s5p_neg_00.npz
265610,tan20250831t142525c10s4001-A,1,0.0,0.2516069412231445,0,2025-08-31T14:25:25Z,-29.74801374098078,-51.19486964106207,SouthAmerica,/mnt/engg-leung/Research_No9_Methane_Emissions/Yuyao/Dataset/s5p_patches_3x3_to_224_offl_triplet/samples2/pos/tan20250831t142525c10s4001-A/s5p_pos_00.npz
265621,tan20250831t171401c08s4001-J,0,1.0,0.8168407082557678,0,2025-08-31T17:14:01Z,39.48779563929543,-80.54564503913231,NorthAmerica,/mnt/engg-leung/Research_No9_Methane_Emissions/Yuyao/Dataset/s5p_patches_3x3_to_224_offl_triplet/samples2/neg/tan20250831t171401c08s4001-J/s5p_neg_00.npz
