contrast_id,family,seed,kind,metric,formula,point_delta,bootstrap_mean_delta,bootstrap_median_delta,bootstrap_std_delta,ci_level,ci_low,ci_high,ci_excludes_zero,probability_delta_gt_0,probability_delta_lt_0,two_sided_bootstrap_sign_p,bootstrap_repeats,bootstrap_seed,paired_rows,canonical_events,left_artifact,right_artifact,left_point_metric,right_point_metric
frozen|seed=17|panopticon_pretrained|transient_query-minus-current_only,frozen,17,within_condition_arm_effect,ap,frozen|panopticon_pretrained|seed=17|transient_query - frozen|panopticon_pretrained|seed=17|current_only,0.026392492983800087,0.025740545311096076,0.02583796828689705,0.01088851475051366,0.95,0.004488446057488985,0.04655559329522376,True,0.9915,0.0085,0.017991004497751123,2000,20260727,1706,441,frozen|panopticon_pretrained|seed=17|transient_query,frozen|panopticon_pretrained|seed=17|current_only,0.6799692788891434,0.6535767859053433
frozen|seed=17|panopticon_pretrained|transient_query-minus-current_only,frozen,17,within_condition_arm_effect,auc,frozen|panopticon_pretrained|seed=17|transient_query - frozen|panopticon_pretrained|seed=17|current_only,0.03524931888215044,0.034821772689268754,0.035205621780249274,0.010239128791424225,0.95,0.013905910363122385,0.05373086783120209,True,0.999,0.001,0.0029985007496251873,2000,20260727,1706,441,frozen|panopticon_pretrained|seed=17|transient_query,frozen|panopticon_pretrained|seed=17|current_only,0.7278157598701552,0.6925664409880048
frozen|seed=17|panopticon_pretrained|transient_query-minus-current_only,frozen,17,within_condition_arm_effect,macro_f1_at_0_5,frozen|panopticon_pretrained|seed=17|transient_query - frozen|panopticon_pretrained|seed=17|current_only,0.006841227248880033,0.006763793399546156,0.006455806146080489,0.010242574920596664,0.95,-0.012889033952457276,0.02619417370015446,False,0.744,0.256,0.512743628185907,2000,20260727,1706,441,frozen|panopticon_pretrained|seed=17|transient_query,frozen|panopticon_pretrained|seed=17|current_only,0.5780464484112873,0.5712052211624072
frozen|seed=17|panopticon_pretrained|scale_aware_transient_query-minus-current_only,frozen,17,within_condition_arm_effect,ap,frozen|panopticon_pretrained|seed=17|scale_aware_transient_query - frozen|panopticon_pretrained|seed=17|current_only,0.03915887569362353,0.03845377167638363,0.03858716011509694,0.010767352104810522,0.95,0.016511467227526513,0.05903579688930753,True,1.0,0.0,0.0009995002498750624,2000,20260727,1706,441,frozen|panopticon_pretrained|seed=17|scale_aware_transient_query,frozen|panopticon_pretrained|seed=17|current_only,0.6927356615989668,0.6535767859053433
frozen|seed=17|panopticon_pretrained|scale_aware_transient_query-minus-current_only,frozen,17,within_condition_arm_effect,auc,frozen|panopticon_pretrained|seed=17|scale_aware_transient_query - frozen|panopticon_pretrained|seed=17|current_only,0.04151601820373063,0.041177242359614105,0.04132322497634594,0.009737762988992598,0.95,0.021941134515416662,0.059594970175627315,True,1.0,0.0,0.0009995002498750624,2000,20260727,1706,441,frozen|panopticon_pretrained|seed=17|scale_aware_transient_query,frozen|panopticon_pretrained|seed=17|current_only,0.7340824591917354,0.6925664409880048
frozen|seed=17|panopticon_pretrained|scale_aware_transient_query-minus-current_only,frozen,17,within_condition_arm_effect,macro_f1_at_0_5,frozen|panopticon_pretrained|seed=17|scale_aware_transient_query - frozen|panopticon_pretrained|seed=17|current_only,0.08342628947469,0.08384308723694572,0.08339900096748892,0.014822138968118239,0.95,0.0544281559265535,0.11309262485235012,True,1.0,0.0,0.0009995002498750624,2000,20260727,1706,441,frozen|panopticon_pretrained|seed=17|scale_aware_transient_query,frozen|panopticon_pretrained|seed=17|current_only,0.6546315106370972,0.5712052211624072
frozen|seed=17|panopticon_pretrained|transient_query-minus-history_shuffle_train,frozen,17,within_condition_arm_effect,ap,frozen|panopticon_pretrained|seed=17|transient_query - frozen|panopticon_pretrained|seed=17|history_shuffle_train,0.02865385717406832,0.028493517519984805,0.02853869629420458,0.011317474330102717,0.95,0.0062674062818434545,0.05085574935188125,True,0.9965,0.0035,0.0079960019990005,2000,20260727,1706,441,frozen|panopticon_pretrained|seed=17|transient_query,frozen|panopticon_pretrained|seed=17|history_shuffle_train,0.6799692788891434,0.6513154217150751
frozen|seed=17|panopticon_pretrained|transient_query-minus-history_shuffle_train,frozen,17,within_condition_arm_effect,auc,frozen|panopticon_pretrained|seed=17|transient_query - frozen|panopticon_pretrained|seed=17|history_shuffle_train,0.03962867488850985,0.0393950876606438,0.039700599993127084,0.010481606959761372,0.95,0.017915312172101263,0.06001411336141645,True,1.0,0.0,0.0009995002498750624,2000,20260727,1706,441,frozen|panopticon_pretrained|seed=17|transient_query,frozen|panopticon_pretrained|seed=17|history_shuffle_train,0.7278157598701552,0.6881870849816454
frozen|seed=17|panopticon_pretrained|transient_query-minus-history_shuffle_train,frozen,17,within_condition_arm_effect,macro_f1_at_0_5,frozen|panopticon_pretrained|seed=17|transient_query - frozen|panopticon_pretrained|seed=17|history_shuffle_train,0.000513849693697388,0.0003943472701066492,-8.995390311533624e-05,0.011671536370547549,0.95,-0.02244305820224623,0.023544676557213158,False,0.496,0.504,0.992503748125937,2000,20260727,1706,441,frozen|panopticon_pretrained|seed=17|transient_query,frozen|panopticon_pretrained|seed=17|history_shuffle_train,0.5780464484112873,0.5775325987175899
frozen|seed=17|panopticon_pretrained|scale_aware_transient_query-minus-transient_query,frozen,17,within_condition_arm_effect,ap,frozen|panopticon_pretrained|seed=17|scale_aware_transient_query - frozen|panopticon_pretrained|seed=17|transient_query,0.012766382709823443,0.012713226365287548,0.012719268155298002,0.005291630597822444,0.95,0.0024969452304994507,0.023424747160358778,True,0.993,0.007,0.014992503748125937,2000,20260727,1706,441,frozen|panopticon_pretrained|seed=17|scale_aware_transient_query,frozen|panopticon_pretrained|seed=17|transient_query,0.6927356615989668,0.6799692788891434
frozen|seed=17|panopticon_pretrained|scale_aware_transient_query-minus-transient_query,frozen,17,within_condition_arm_effect,auc,frozen|panopticon_pretrained|seed=17|scale_aware_transient_query - frozen|panopticon_pretrained|seed=17|transient_query,0.006266699321580194,0.00635546967034535,0.006214647229272341,0.003524508696212395,0.95,-0.00037835853356411387,0.013479392845304177,False,0.9665,0.0335,0.06796601699150424,2000,20260727,1706,441,frozen|panopticon_pretrained|seed=17|scale_aware_transient_query,frozen|panopticon_pretrained|seed=17|transient_query,0.7340824591917354,0.7278157598701552
frozen|seed=17|panopticon_pretrained|scale_aware_transient_query-minus-transient_query,frozen,17,within_condition_arm_effect,macro_f1_at_0_5,frozen|panopticon_pretrained|seed=17|scale_aware_transient_query - frozen|panopticon_pretrained|seed=17|transient_query,0.07658506222580996,0.07707929383739957,0.07722810721436196,0.012676661354999293,0.95,0.05252046381562016,0.10152924552600252,True,1.0,0.0,0.0009995002498750624,2000,20260727,1706,441,frozen|panopticon_pretrained|seed=17|scale_aware_transient_query,frozen|panopticon_pretrained|seed=17|transient_query,0.6546315106370972,0.5780464484112873
frozen|seed=29|panopticon_pretrained|transient_query-minus-current_only,frozen,29,within_condition_arm_effect,ap,frozen|panopticon_pretrained|seed=29|transient_query - frozen|panopticon_pretrained|seed=29|current_only,0.029976229474429017,0.02984938260204902,0.02986501337120384,0.011444619617234543,0.95,0.008800492146255813,0.051516931659390544,True,0.9975,0.0025,0.005997001499250375,2000,20260727,1706,441,frozen|panopticon_pretrained|seed=29|transient_query,frozen|panopticon_pretrained|seed=29|current_only,0.6837022842386542,0.6537260547642252
frozen|seed=29|panopticon_pretrained|transient_query-minus-current_only,frozen,29,within_condition_arm_effect,auc,frozen|panopticon_pretrained|seed=29|transient_query - frozen|panopticon_pretrained|seed=29|current_only,0.0339984696468425,0.033636068111558386,0.033636615996365526,0.010575019095761305,0.95,0.012588554791035449,0.05419897522908984,True,0.999,0.001,0.0029985007496251873,2000,20260727,1706,441,frozen|panopticon_pretrained|seed=29|transient_query,frozen|panopticon_pretrained|seed=29|current_only,0.7310452754843235,0.697046805837481
frozen|seed=29|panopticon_pretrained|transient_query-minus-current_only,frozen,29,within_condition_arm_effect,macro_f1_at_0_5,frozen|panopticon_pretrained|seed=29|transient_query - frozen|panopticon_pretrained|seed=29|current_only,0.022783594765964366,0.022494988453704814,0.022952825495715257,0.01383302012366171,0.95,-0.004978124895601242,0.048904574975476844,False,0.947,0.053,0.10694652673663169,2000,20260727,1706,441,frozen|panopticon_pretrained|seed=29|transient_query,frozen|panopticon_pretrained|seed=29|current_only,0.6598489971486534,0.637065402382689
frozen|seed=29|panopticon_pretrained|scale_aware_transient_query-minus-current_only,frozen,29,within_condition_arm_effect,ap,frozen|panopticon_pretrained|seed=29|scale_aware_transient_query - frozen|panopticon_pretrained|seed=29|current_only,0.03583792570536315,0.0360982438744505,0.03644842559755057,0.011324750376415857,0.95,0.014161028353989009,0.05701929756493572,True,1.0,0.0,0.0009995002498750624,2000,20260727,1706,441,frozen|panopticon_pretrained|seed=29|scale_aware_transient_query,frozen|panopticon_pretrained|seed=29|current_only,0.6895639804695883,0.6537260547642252
frozen|seed=29|panopticon_pretrained|scale_aware_transient_query-minus-current_only,frozen,29,within_condition_arm_effect,auc,frozen|panopticon_pretrained|seed=29|scale_aware_transient_query - frozen|panopticon_pretrained|seed=29|current_only,0.03647941287572165,0.03625834826986333,0.0363355903729351,0.010813458389824943,0.95,0.014408021260797488,0.057345440311232426,True,0.9985,0.0015,0.00399800099950025,2000,20260727,1706,441,frozen|panopticon_pretrained|seed=29|scale_aware_transient_query,frozen|panopticon_pretrained|seed=29|current_only,0.7335262187132027,0.697046805837481
frozen|seed=29|panopticon_pretrained|scale_aware_transient_query-minus-current_only,frozen,29,within_condition_arm_effect,macro_f1_at_0_5,frozen|panopticon_pretrained|seed=29|scale_aware_transient_query - frozen|panopticon_pretrained|seed=29|current_only,0.029458977079327098,0.02926145271382563,0.029475812353825626,0.012433910725456038,0.95,0.004951769933843936,0.054083357391604546,True,0.9925,0.0075,0.015992003998001,2000,20260727,1706,441,frozen|panopticon_pretrained|seed=29|scale_aware_transient_query,frozen|panopticon_pretrained|seed=29|current_only,0.6665243794620161,0.637065402382689
frozen|seed=29|panopticon_pretrained|transient_query-minus-history_shuffle_train,frozen,29,within_condition_arm_effect,ap,frozen|panopticon_pretrained|seed=29|transient_query - frozen|panopticon_pretrained|seed=29|history_shuffle_train,0.027012188109464375,0.027109519433472017,0.027089384558473095,0.011346896904637395,0.95,0.005058754088085991,0.048663463239362596,True,0.991,0.009,0.01899050474762619,2000,20260727,1706,441,frozen|panopticon_pretrained|seed=29|transient_query,frozen|panopticon_pretrained|seed=29|history_shuffle_train,0.6837022842386542,0.6566900961291898
frozen|seed=29|panopticon_pretrained|transient_query-minus-history_shuffle_train,frozen,29,within_condition_arm_effect,auc,frozen|panopticon_pretrained|seed=29|transient_query - frozen|panopticon_pretrained|seed=29|history_shuffle_train,0.03293303390437918,0.03261941784113786,0.03281447406252025,0.010293243437800316,0.95,0.012360665873903042,0.05181282465654622,True,0.998,0.002,0.004997501249375313,2000,20260727,1706,441,frozen|panopticon_pretrained|seed=29|transient_query,frozen|panopticon_pretrained|seed=29|history_shuffle_train,0.7310452754843235,0.6981122415799443
frozen|seed=29|panopticon_pretrained|transient_query-minus-history_shuffle_train,frozen,29,within_condition_arm_effect,macro_f1_at_0_5,frozen|panopticon_pretrained|seed=29|transient_query - frozen|panopticon_pretrained|seed=29|history_shuffle_train,0.026050554399199455,0.02585335457462905,0.02611955586666609,0.012791995322055518,0.95,0.00017709174133036443,0.04975970034696588,True,0.977,0.023,0.04697651174412794,2000,20260727,1706,441,frozen|panopticon_pretrained|seed=29|transient_query,frozen|panopticon_pretrained|seed=29|history_shuffle_train,0.6598489971486534,0.633798442749454
frozen|seed=29|panopticon_pretrained|scale_aware_transient_query-minus-transient_query,frozen,29,within_condition_arm_effect,ap,frozen|panopticon_pretrained|seed=29|scale_aware_transient_query - frozen|panopticon_pretrained|seed=29|transient_query,0.0058616962309341325,0.0062488612724014864,0.0061379238011189385,0.004145062255757488,0.95,-0.0014875239494631287,0.014616129151273062,False,0.9395,0.0605,0.12193903048475763,2000,20260727,1706,441,frozen|panopticon_pretrained|seed=29|scale_aware_transient_query,frozen|panopticon_pretrained|seed=29|transient_query,0.6895639804695883,0.6837022842386542
frozen|seed=29|panopticon_pretrained|scale_aware_transient_query-minus-transient_query,frozen,29,within_condition_arm_effect,auc,frozen|panopticon_pretrained|seed=29|scale_aware_transient_query - frozen|panopticon_pretrained|seed=29|transient_query,0.002480943228879151,0.002622280158304935,0.002527293847237544,0.0028497016496962435,0.95,-0.002814182262673636,0.008659029270034665,False,0.8215,0.1785,0.35782108945527236,2000,20260727,1706,441,frozen|panopticon_pretrained|seed=29|scale_aware_transient_query,frozen|panopticon_pretrained|seed=29|transient_query,0.7335262187132027,0.7310452754843235
frozen|seed=29|panopticon_pretrained|scale_aware_transient_query-minus-transient_query,frozen,29,within_condition_arm_effect,macro_f1_at_0_5,frozen|panopticon_pretrained|seed=29|scale_aware_transient_query - frozen|panopticon_pretrained|seed=29|transient_query,0.006675382313362732,0.006766464260120815,0.006703452756459449,0.00630219766108988,0.95,-0.005619580090415623,0.01938574430328183,False,0.869,0.131,0.26286856571714146,2000,20260727,1706,441,frozen|panopticon_pretrained|seed=29|scale_aware_transient_query,frozen|panopticon_pretrained|seed=29|transient_query,0.6665243794620161,0.6598489971486534
frozen|seed=43|panopticon_pretrained|transient_query-minus-current_only,frozen,43,within_condition_arm_effect,ap,frozen|panopticon_pretrained|seed=43|transient_query - frozen|panopticon_pretrained|seed=43|current_only,0.025892331400175994,0.025775086240899813,0.02579483823679629,0.01084767189011045,0.95,0.004495590447515838,0.04741935297206498,True,0.9945,0.0055,0.01199400299850075,2000,20260727,1706,441,frozen|panopticon_pretrained|seed=43|transient_query,frozen|panopticon_pretrained|seed=43|current_only,0.6723617655242674,0.6464694341240914
frozen|seed=43|panopticon_pretrained|transient_query-minus-current_only,frozen,43,within_condition_arm_effect,auc,frozen|panopticon_pretrained|seed=43|transient_query - frozen|panopticon_pretrained|seed=43|current_only,0.024343131191115752,0.024580318995136567,0.024656160666043703,0.009584445612433304,0.95,0.005370357230914814,0.042343599276299417,True,0.992,0.008,0.01699150424787606,2000,20260727,1706,441,frozen|panopticon_pretrained|seed=43|transient_query,frozen|panopticon_pretrained|seed=43|current_only,0.7143207016932127,0.689977570502097
frozen|seed=43|panopticon_pretrained|transient_query-minus-current_only,frozen,43,within_condition_arm_effect,macro_f1_at_0_5,frozen|panopticon_pretrained|seed=43|transient_query - frozen|panopticon_pretrained|seed=43|current_only,-0.01526654559796592,-0.016241068062800415,-0.015671821738381664,0.0203767779482892,0.95,-0.05613475636795803,0.02324725241881005,False,0.2135,0.7865,0.42778610694652675,2000,20260727,1706,441,frozen|panopticon_pretrained|seed=43|transient_query,frozen|panopticon_pretrained|seed=43|current_only,0.5127176441253543,0.5279841897233202
frozen|seed=43|panopticon_pretrained|scale_aware_transient_query-minus-current_only,frozen,43,within_condition_arm_effect,ap,frozen|panopticon_pretrained|seed=43|scale_aware_transient_query - frozen|panopticon_pretrained|seed=43|current_only,0.036348543461888094,0.036108702887343504,0.03603775358391009,0.009998135506782956,0.95,0.01664103026190717,0.05578926757466974,True,1.0,0.0,0.0009995002498750624,2000,20260727,1706,441,frozen|panopticon_pretrained|seed=43|scale_aware_transient_query,frozen|panopticon_pretrained|seed=43|current_only,0.6828179775859795,0.6464694341240914
frozen|seed=43|panopticon_pretrained|scale_aware_transient_query-minus-current_only,frozen,43,within_condition_arm_effect,auc,frozen|panopticon_pretrained|seed=43|scale_aware_transient_query - frozen|panopticon_pretrained|seed=43|current_only,0.03366223473071461,0.03365091433223644,0.03344628569952568,0.00905655301652128,0.95,0.015455287904611644,0.05104986362248917,True,1.0,0.0,0.0009995002498750624,2000,20260727,1706,441,frozen|panopticon_pretrained|seed=43|scale_aware_transient_query,frozen|panopticon_pretrained|seed=43|current_only,0.7236398052328116,0.689977570502097
frozen|seed=43|panopticon_pretrained|scale_aware_transient_query-minus-current_only,frozen,43,within_condition_arm_effect,macro_f1_at_0_5,frozen|panopticon_pretrained|seed=43|scale_aware_transient_query - frozen|panopticon_pretrained|seed=43|current_only,0.07902508970548339,0.07899375125612339,0.07932025244462321,0.017731024679024397,0.95,0.045291428623142393,0.1136425146748087,True,1.0,0.0,0.0009995002498750624,2000,20260727,1706,441,frozen|panopticon_pretrained|seed=43|scale_aware_transient_query,frozen|panopticon_pretrained|seed=43|current_only,0.6070092794288036,0.5279841897233202
frozen|seed=43|panopticon_pretrained|transient_query-minus-history_shuffle_train,frozen,43,within_condition_arm_effect,ap,frozen|panopticon_pretrained|seed=43|transient_query - frozen|panopticon_pretrained|seed=43|history_shuffle_train,0.03292064030808095,0.03276534623945156,0.03252306473507666,0.010437419290433483,0.95,0.011817032318967531,0.05241852264710345,True,1.0,0.0,0.0009995002498750624,2000,20260727,1706,441,frozen|panopticon_pretrained|seed=43|transient_query,frozen|panopticon_pretrained|seed=43|history_shuffle_train,0.6723617655242674,0.6394411252161865
frozen|seed=43|panopticon_pretrained|transient_query-minus-history_shuffle_train,frozen,43,within_condition_arm_effect,auc,frozen|panopticon_pretrained|seed=43|transient_query - frozen|panopticon_pretrained|seed=43|history_shuffle_train,0.028972933781093224,0.029198320950407804,0.029226225883173196,0.009898011487580342,0.95,0.009184516715854431,0.04790132349406235,True,0.9985,0.0015,0.00399800099950025,2000,20260727,1706,441,frozen|panopticon_pretrained|seed=43|transient_query,frozen|panopticon_pretrained|seed=43|history_shuffle_train,0.7143207016932127,0.6853477679121195
frozen|seed=43|panopticon_pretrained|transient_query-minus-history_shuffle_train,frozen,43,within_condition_arm_effect,macro_f1_at_0_5,frozen|panopticon_pretrained|seed=43|transient_query - frozen|panopticon_pretrained|seed=43|history_shuffle_train,-0.017965105445083562,-0.01897472257125868,-0.01888246126281734,0.020401674939728165,0.95,-0.057996128621080036,0.019711430795062383,False,0.1855,0.8145,0.37181409295352325,2000,20260727,1706,441,frozen|panopticon_pretrained|seed=43|transient_query,frozen|panopticon_pretrained|seed=43|history_shuffle_train,0.5127176441253543,0.5306827495704378
frozen|seed=43|panopticon_pretrained|scale_aware_transient_query-minus-transient_query,frozen,43,within_condition_arm_effect,ap,frozen|panopticon_pretrained|seed=43|scale_aware_transient_query - frozen|panopticon_pretrained|seed=43|transient_query,0.0104562120617121,0.010333616646443687,0.010301537780364411,0.005177514144708657,0.95,0.00022570156973472782,0.02036202309589404,True,0.9765,0.0235,0.047976011994003,2000,20260727,1706,441,frozen|panopticon_pretrained|seed=43|scale_aware_transient_query,frozen|panopticon_pretrained|seed=43|transient_query,0.6828179775859795,0.6723617655242674
frozen|seed=43|panopticon_pretrained|scale_aware_transient_query-minus-transient_query,frozen,43,within_condition_arm_effect,auc,frozen|panopticon_pretrained|seed=43|scale_aware_transient_query - frozen|panopticon_pretrained|seed=43|transient_query,0.00931910353959886,0.009070595337099866,0.009104903644324092,0.00437792849509758,0.95,0.0002301518725377709,0.017514392676757213,True,0.976,0.024,0.04897551224387806,2000,20260727,1706,441,frozen|panopticon_pretrained|seed=43|scale_aware_transient_query,frozen|panopticon_pretrained|seed=43|transient_query,0.7236398052328116,0.7143207016932127
frozen|seed=43|panopticon_pretrained|scale_aware_transient_query-minus-transient_query,frozen,43,within_condition_arm_effect,macro_f1_at_0_5,frozen|panopticon_pretrained|seed=43|scale_aware_transient_query - frozen|panopticon_pretrained|seed=43|transient_query,0.0942916353034493,0.0952348193189238,0.09456934463694638,0.011959000989919909,0.95,0.07241768721655957,0.11869396091108815,True,1.0,0.0,0.0009995002498750624,2000,20260727,1706,441,frozen|panopticon_pretrained|seed=43|scale_aware_transient_query,frozen|panopticon_pretrained|seed=43|transient_query,0.6070092794288036,0.5127176441253543
frozen|seed=17|random_frozen|transient_query-minus-current_only,frozen,17,within_condition_arm_effect,ap,frozen|random_frozen|seed=17|transient_query - frozen|random_frozen|seed=17|current_only,-0.02554145375019612,-0.026132248149571602,-0.025817573527260163,0.011536773469464353,0.95,-0.05064969419490685,-0.004374131989612217,True,0.005,0.995,0.010994502748625687,2000,20260727,1706,441,frozen|random_frozen|seed=17|transient_query,frozen|random_frozen|seed=17|current_only,0.49147552627816493,0.517016980028361
frozen|seed=17|random_frozen|transient_query-minus-current_only,frozen,17,within_condition_arm_effect,auc,frozen|random_frozen|seed=17|transient_query - frozen|random_frozen|seed=17|current_only,-0.025692913745366308,-0.025935231930826343,-0.025885764618825857,0.009102911938792176,0.95,-0.04350241468886295,-0.009112209333046822,True,0.0015,0.9985,0.00399800099950025,2000,20260727,1706,441,frozen|random_frozen|seed=17|transient_query,frozen|random_frozen|seed=17|current_only,0.5218947045076234,0.5475876182529897
frozen|seed=17|random_frozen|transient_query-minus-current_only,frozen,17,within_condition_arm_effect,macro_f1_at_0_5,frozen|random_frozen|seed=17|transient_query - frozen|random_frozen|seed=17|current_only,0.0827218819916074,0.08074496158744,0.08144487091634828,0.015371058479404582,0.95,0.04898044449852659,0.10798550449713368,True,1.0,0.0,0.0009995002498750624,2000,20260727,1706,441,frozen|random_frozen|seed=17|transient_query,frozen|random_frozen|seed=17|current_only,0.5171904422540123,0.43446856026240493
frozen|seed=17|random_frozen|scale_aware_transient_query-minus-current_only,frozen,17,within_condition_arm_effect,ap,frozen|random_frozen|seed=17|scale_aware_transient_query - frozen|random_frozen|seed=17|current_only,-0.0021442487206799754,-0.002416495317210023,-0.002204545171620609,0.007183059882202361,0.95,-0.016742549693252444,0.011365223974265239,False,0.3725,0.6275,0.7456271864067966,2000,20260727,1706,441,frozen|random_frozen|seed=17|scale_aware_transient_query,frozen|random_frozen|seed=17|current_only,0.5148727313076811,0.517016980028361
frozen|seed=17|random_frozen|scale_aware_transient_query-minus-current_only,frozen,17,within_condition_arm_effect,auc,frozen|random_frozen|seed=17|scale_aware_transient_query - frozen|random_frozen|seed=17|current_only,0.002218735341610545,0.002664711322821037,0.0028006416871606543,0.005526495193491721,0.95,-0.008575627840868424,0.01309914868036206,False,0.696,0.304,0.6086956521739131,2000,20260727,1706,441,frozen|random_frozen|seed=17|scale_aware_transient_query,frozen|random_frozen|seed=17|current_only,0.5498063535946003,0.5475876182529897
frozen|seed=17|random_frozen|scale_aware_transient_query-minus-current_only,frozen,17,within_condition_arm_effect,macro_f1_at_0_5,frozen|random_frozen|seed=17|scale_aware_transient_query - frozen|random_frozen|seed=17|current_only,-0.08338449788127145,-0.08368393386088822,-0.08323611355100877,0.01217517595947566,0.95,-0.10910057410646559,-0.06127326591349269,True,0.0,1.0,0.0009995002498750624,2000,20260727,1706,441,frozen|random_frozen|seed=17|scale_aware_transient_query,frozen|random_frozen|seed=17|current_only,0.3510840623811335,0.43446856026240493
frozen|seed=17|random_frozen|transient_query-minus-history_shuffle_train,frozen,17,within_condition_arm_effect,ap,frozen|random_frozen|seed=17|transient_query - frozen|random_frozen|seed=17|history_shuffle_train,-0.00023495465432499252,-0.0006225611653317464,-0.0006917936979342065,0.004957887438123263,0.95,-0.010312365273323262,0.009239112102188324,False,0.444,0.556,0.8885557221389305,2000,20260727,1706,441,frozen|random_frozen|seed=17|transient_query,frozen|random_frozen|seed=17|history_shuffle_train,0.49147552627816493,0.4917104809324899
frozen|seed=17|random_frozen|transient_query-minus-history_shuffle_train,frozen,17,within_condition_arm_effect,auc,frozen|random_frozen|seed=17|transient_query - frozen|random_frozen|seed=17|history_shuffle_train,0.0064548801799894084,0.005937810360513364,0.0059667686296827616,0.006216566190556704,0.95,-0.006264502529028711,0.018321801969653106,False,0.831,0.169,0.33883058470764615,2000,20260727,1706,441,frozen|random_frozen|seed=17|transient_query,frozen|random_frozen|seed=17|history_shuffle_train,0.5218947045076234,0.515439824327634
frozen|seed=17|random_frozen|transient_query-minus-history_shuffle_train,frozen,17,within_condition_arm_effect,macro_f1_at_0_5,frozen|random_frozen|seed=17|transient_query - frozen|random_frozen|seed=17|history_shuffle_train,0.10765417632761187,0.10577928402545674,0.1062417017749305,0.012474745563419902,0.95,0.07973641770614953,0.12893735759855462,True,1.0,0.0,0.0009995002498750624,2000,20260727,1706,441,frozen|random_frozen|seed=17|transient_query,frozen|random_frozen|seed=17|history_shuffle_train,0.5171904422540123,0.40953626592640047
frozen|seed=17|random_frozen|scale_aware_transient_query-minus-transient_query,frozen,17,within_condition_arm_effect,ap,frozen|random_frozen|seed=17|scale_aware_transient_query - frozen|random_frozen|seed=17|transient_query,0.023397205029516144,0.023715752832361582,0.023766746109654707,0.012137759471092191,0.95,0.000992316439495388,0.04815039829269393,True,0.9795,0.0205,0.041979010494752625,2000,20260727,1706,441,frozen|random_frozen|seed=17|scale_aware_transient_query,frozen|random_frozen|seed=17|transient_query,0.5148727313076811,0.49147552627816493
frozen|seed=17|random_frozen|scale_aware_transient_query-minus-transient_query,frozen,17,within_condition_arm_effect,auc,frozen|random_frozen|seed=17|scale_aware_transient_query - frozen|random_frozen|seed=17|transient_query,0.027911649086976853,0.028599943253647384,0.0285726523612419,0.009638933286857266,0.95,0.009777729825840917,0.04774951275503633,True,0.9995,0.0005,0.001999000499750125,2000,20260727,1706,441,frozen|random_frozen|seed=17|scale_aware_transient_query,frozen|random_frozen|seed=17|transient_query,0.5498063535946003,0.5218947045076234
frozen|seed=17|random_frozen|scale_aware_transient_query-minus-transient_query,frozen,17,within_condition_arm_effect,macro_f1_at_0_5,frozen|random_frozen|seed=17|scale_aware_transient_query - frozen|random_frozen|seed=17|transient_query,-0.16610637987287885,-0.1644288954483282,-0.1653250357124686,0.009064177086198303,0.95,-0.17948883773968313,-0.1442596067865582,True,0.0,1.0,0.0009995002498750624,2000,20260727,1706,441,frozen|random_frozen|seed=17|scale_aware_transient_query,frozen|random_frozen|seed=17|transient_query,0.3510840623811335,0.5171904422540123
frozen|seed=29|random_frozen|transient_query-minus-current_only,frozen,29,within_condition_arm_effect,ap,frozen|random_frozen|seed=29|transient_query - frozen|random_frozen|seed=29|current_only,-0.01929244720312584,-0.019234651850940417,-0.019183781498870983,0.015404962348485221,0.95,-0.051630136628903464,0.0101596731802159,False,0.104,0.896,0.20889555222388806,2000,20260727,1706,441,frozen|random_frozen|seed=29|transient_query,frozen|random_frozen|seed=29|current_only,0.4939371233366504,0.5132295705397762
frozen|seed=29|random_frozen|transient_query-minus-current_only,frozen,29,within_condition_arm_effect,auc,frozen|random_frozen|seed=29|transient_query - frozen|random_frozen|seed=29|current_only,-0.02234924430164842,-0.022585553469818935,-0.02239772895132175,0.00976091694762662,0.95,-0.04137699559434168,-0.0034568952764682764,True,0.007,0.993,0.014992503748125937,2000,20260727,1706,441,frozen|random_frozen|seed=29|transient_query,frozen|random_frozen|seed=29|current_only,0.5209593349467074,0.5433085792483558
frozen|seed=29|random_frozen|transient_query-minus-current_only,frozen,29,within_condition_arm_effect,macro_f1_at_0_5,frozen|random_frozen|seed=29|transient_query - frozen|random_frozen|seed=29|current_only,-0.21727631029388333,-0.21615926844194422,-0.21609193083867095,0.007650250472089894,0.95,-0.23137710136823825,-0.20143213225955928,True,0.0,1.0,0.0009995002498750624,2000,20260727,1706,441,frozen|random_frozen|seed=29|transient_query,frozen|random_frozen|seed=29|current_only,0.31458417034953795,0.5318604806434213
frozen|seed=29|random_frozen|scale_aware_transient_query-minus-current_only,frozen,29,within_condition_arm_effect,ap,frozen|random_frozen|seed=29|scale_aware_transient_query - frozen|random_frozen|seed=29|current_only,0.015733331207262502,0.014875629022334913,0.015204791679984397,0.00824848461733339,0.95,-0.0010631683205472118,0.03146601278115774,False,0.9605,0.0395,0.079960019990005,2000,20260727,1706,441,frozen|random_frozen|seed=29|scale_aware_transient_query,frozen|random_frozen|seed=29|current_only,0.5289629017470387,0.5132295705397762
frozen|seed=29|random_frozen|scale_aware_transient_query-minus-current_only,frozen,29,within_condition_arm_effect,auc,frozen|random_frozen|seed=29|scale_aware_transient_query - frozen|random_frozen|seed=29|current_only,0.010381771916497473,0.010275297493558306,0.010151959433843727,0.006666224521747347,0.95,-0.002265030515435469,0.024280477404113942,False,0.947,0.053,0.10694652673663169,2000,20260727,1706,441,frozen|random_frozen|seed=29|scale_aware_transient_query,frozen|random_frozen|seed=29|current_only,0.5536903511648533,0.5433085792483558
frozen|seed=29|random_frozen|scale_aware_transient_query-minus-current_only,frozen,29,within_condition_arm_effect,macro_f1_at_0_5,frozen|random_frozen|seed=29|scale_aware_transient_query - frozen|random_frozen|seed=29|current_only,-0.0931740137859125,-0.09173319529718532,-0.09202177001655482,0.011498429483063028,0.95,-0.11330594456346031,-0.06794055956705915,True,0.0,1.0,0.0009995002498750624,2000,20260727,1706,441,frozen|random_frozen|seed=29|scale_aware_transient_query,frozen|random_frozen|seed=29|current_only,0.4386864668575088,0.5318604806434213
frozen|seed=29|random_frozen|transient_query-minus-history_shuffle_train,frozen,29,within_condition_arm_effect,ap,frozen|random_frozen|seed=29|transient_query - frozen|random_frozen|seed=29|history_shuffle_train,0.007868912818563278,0.008192178215853328,0.008418757496805346,0.008840467132460316,0.95,-0.00950923626716437,0.024643930749188102,False,0.8235,0.1765,0.3538230884557721,2000,20260727,1706,441,frozen|random_frozen|seed=29|transient_query,frozen|random_frozen|seed=29|history_shuffle_train,0.4939371233366504,0.48606821051808713
frozen|seed=29|random_frozen|transient_query-minus-history_shuffle_train,frozen,29,within_condition_arm_effect,auc,frozen|random_frozen|seed=29|transient_query - frozen|random_frozen|seed=29|history_shuffle_train,0.0037276414158395887,0.0037947079104758076,0.0039306536743979326,0.006078801406819043,0.95,-0.008768997317655894,0.015275361162731297,False,0.745,0.255,0.5107446276861569,2000,20260727,1706,441,frozen|random_frozen|seed=29|transient_query,frozen|random_frozen|seed=29|history_shuffle_train,0.5209593349467074,0.5172316935308678
frozen|seed=29|random_frozen|transient_query-minus-history_shuffle_train,frozen,29,within_condition_arm_effect,macro_f1_at_0_5,frozen|random_frozen|seed=29|transient_query - frozen|random_frozen|seed=29|history_shuffle_train,-0.10982839421945828,-0.1094115546553849,-0.10965492091829024,0.012566074909455095,0.95,-0.13289393607049269,-0.0838996974268595,True,0.0,1.0,0.0009995002498750624,2000,20260727,1706,441,frozen|random_frozen|seed=29|transient_query,frozen|random_frozen|seed=29|history_shuffle_train,0.31458417034953795,0.42441256456899623
frozen|seed=29|random_frozen|scale_aware_transient_query-minus-transient_query,frozen,29,within_condition_arm_effect,ap,frozen|random_frozen|seed=29|scale_aware_transient_query - frozen|random_frozen|seed=29|transient_query,0.03502577841038834,0.03411028087327533,0.03424915364693204,0.015615929077111288,0.95,0.004385782679653914,0.06564272801871034,True,0.9915,0.0085,0.017991004497751123,2000,20260727,1706,441,frozen|random_frozen|seed=29|scale_aware_transient_query,frozen|random_frozen|seed=29|transient_query,0.5289629017470387,0.4939371233366504
frozen|seed=29|random_frozen|scale_aware_transient_query-minus-transient_query,frozen,29,within_condition_arm_effect,auc,frozen|random_frozen|seed=29|scale_aware_transient_query - frozen|random_frozen|seed=29|transient_query,0.03273101621814589,0.032860850963377236,0.03263655066406834,0.010571289107613107,0.95,0.012871803927316001,0.05390917209101953,True,0.9995,0.0005,0.001999000499750125,2000,20260727,1706,441,frozen|random_frozen|seed=29|scale_aware_transient_query,frozen|random_frozen|seed=29|transient_query,0.5536903511648533,0.5209593349467074
frozen|seed=29|random_frozen|scale_aware_transient_query-minus-transient_query,frozen,29,within_condition_arm_effect,macro_f1_at_0_5,frozen|random_frozen|seed=29|scale_aware_transient_query - frozen|random_frozen|seed=29|transient_query,0.12410229650797083,0.12442607314475891,0.12386409187262895,0.0136335106582622,0.95,0.0995157276636053,0.15229585215191893,True,1.0,0.0,0.0009995002498750624,2000,20260727,1706,441,frozen|random_frozen|seed=29|scale_aware_transient_query,frozen|random_frozen|seed=29|transient_query,0.4386864668575088,0.31458417034953795
frozen|seed=43|random_frozen|transient_query-minus-current_only,frozen,43,within_condition_arm_effect,ap,frozen|random_frozen|seed=43|transient_query - frozen|random_frozen|seed=43|current_only,-0.017234452060163497,-0.017808853700242,-0.01764001308128299,0.011725431811123439,0.95,-0.04304392414148476,0.003753778188381654,False,0.055,0.945,0.11094452773613193,2000,20260727,1706,441,frozen|random_frozen|seed=43|transient_query,frozen|random_frozen|seed=43|current_only,0.4851065826097709,0.5023410346699344
frozen|seed=43|random_frozen|transient_query-minus-current_only,frozen,43,within_condition_arm_effect,auc,frozen|random_frozen|seed=43|transient_query - frozen|random_frozen|seed=43|current_only,-0.025434165065053804,-0.02570287876063831,-0.025360635226416406,0.009966770268363902,0.95,-0.046191172912976725,-0.007249099298558264,True,0.002,0.998,0.004997501249375313,2000,20260727,1706,441,frozen|random_frozen|seed=43|transient_query,frozen|random_frozen|seed=43|current_only,0.5131795785025508,0.5386137435676046
frozen|seed=43|random_frozen|transient_query-minus-current_only,frozen,43,within_condition_arm_effect,macro_f1_at_0_5,frozen|random_frozen|seed=43|transient_query - frozen|random_frozen|seed=43|current_only,-0.14919794863443359,-0.1475174026979942,-0.1481875582770175,0.01210743257881141,0.95,-0.16876948884266096,-0.12157802644927095,True,0.0,1.0,0.0009995002498750624,2000,20260727,1706,441,frozen|random_frozen|seed=43|transient_query,frozen|random_frozen|seed=43|current_only,0.38051563177191317,0.5297135804063468
frozen|seed=43|random_frozen|scale_aware_transient_query-minus-current_only,frozen,43,within_condition_arm_effect,ap,frozen|random_frozen|seed=43|scale_aware_transient_query - frozen|random_frozen|seed=43|current_only,0.00860753365348299,0.007917348917700653,0.007752123745586648,0.006515813705270365,0.95,-0.004703933673899932,0.02156675439106185,False,0.8915,0.1085,0.2178910544727636,2000,20260727,1706,441,frozen|random_frozen|seed=43|scale_aware_transient_query,frozen|random_frozen|seed=43|current_only,0.5109485683234174,0.5023410346699344
frozen|seed=43|random_frozen|scale_aware_transient_query-minus-current_only,frozen,43,within_condition_arm_effect,auc,frozen|random_frozen|seed=43|scale_aware_transient_query - frozen|random_frozen|seed=43|current_only,0.006786272206379174,0.0065615324416610915,0.005918080753756494,0.007701370638563959,0.95,-0.007671357529394884,0.022783279348009406,False,0.8105,0.189,0.3798100949525237,2000,20260727,1706,441,frozen|random_frozen|seed=43|scale_aware_transient_query,frozen|random_frozen|seed=43|current_only,0.5454000157739838,0.5386137435676046
frozen|seed=43|random_frozen|scale_aware_transient_query-minus-current_only,frozen,43,within_condition_arm_effect,macro_f1_at_0_5,frozen|random_frozen|seed=43|scale_aware_transient_query - frozen|random_frozen|seed=43|current_only,-0.09524502014394182,-0.09353841218873671,-0.09413505838755684,0.01243150231485405,0.95,-0.1176310136483855,-0.0683116791002566,True,0.0,1.0,0.0009995002498750624,2000,20260727,1706,441,frozen|random_frozen|seed=43|scale_aware_transient_query,frozen|random_frozen|seed=43|current_only,0.43446856026240493,0.5297135804063468
frozen|seed=43|random_frozen|transient_query-minus-history_shuffle_train,frozen,43,within_condition_arm_effect,ap,frozen|random_frozen|seed=43|transient_query - frozen|random_frozen|seed=43|history_shuffle_train,-0.0034354689599419563,-0.003228078495065473,-0.003164357640339066,0.0054659573408705545,0.95,-0.014349021379729106,0.007424748952286269,False,0.2785,0.7215,0.5577211394302849,2000,20260727,1706,441,frozen|random_frozen|seed=43|transient_query,frozen|random_frozen|seed=43|history_shuffle_train,0.4851065826097709,0.48854205156971287
frozen|seed=43|random_frozen|transient_query-minus-history_shuffle_train,frozen,43,within_condition_arm_effect,auc,frozen|random_frozen|seed=43|transient_query - frozen|random_frozen|seed=43|history_shuffle_train,-0.008750409916024271,-0.008733088750350813,-0.008544845771521425,0.006129760381164628,0.95,-0.021321330050735297,0.002741504270075302,False,0.0745,0.9255,0.14992503748125938,2000,20260727,1706,441,frozen|random_frozen|seed=43|transient_query,frozen|random_frozen|seed=43|history_shuffle_train,0.5131795785025508,0.5219299884185751
frozen|seed=43|random_frozen|transient_query-minus-history_shuffle_train,frozen,43,within_condition_arm_effect,macro_f1_at_0_5,frozen|random_frozen|seed=43|transient_query - frozen|random_frozen|seed=43|history_shuffle_train,0.0,0.0,0.0,0.0,0.95,0.0,0.0,False,0.0,0.0,1.0,2000,20260727,1706,441,frozen|random_frozen|seed=43|transient_query,frozen|random_frozen|seed=43|history_shuffle_train,0.38051563177191317,0.38051563177191317
frozen|seed=43|random_frozen|scale_aware_transient_query-minus-transient_query,frozen,43,within_condition_arm_effect,ap,frozen|random_frozen|seed=43|scale_aware_transient_query - frozen|random_frozen|seed=43|transient_query,0.025841985713646487,0.025726202617942655,0.025593324087170022,0.011913145802863774,0.95,0.0035127451239809824,0.05019769936626779,True,0.9905,0.0095,0.01999000499750125,2000,20260727,1706,441,frozen|random_frozen|seed=43|scale_aware_transient_query,frozen|random_frozen|seed=43|transient_query,0.5109485683234174,0.4851065826097709
frozen|seed=43|random_frozen|scale_aware_transient_query-minus-transient_query,frozen,43,within_condition_arm_effect,auc,frozen|random_frozen|seed=43|scale_aware_transient_query - frozen|random_frozen|seed=43|transient_query,0.03222043727143298,0.0322644112022994,0.03185413792816677,0.012086507040911026,0.95,0.009492405259148197,0.05707174310131465,True,0.999,0.001,0.0029985007496251873,2000,20260727,1706,441,frozen|random_frozen|seed=43|scale_aware_transient_query,frozen|random_frozen|seed=43|transient_query,0.5454000157739838,0.5131795785025508
frozen|seed=43|random_frozen|scale_aware_transient_query-minus-transient_query,frozen,43,within_condition_arm_effect,macro_f1_at_0_5,frozen|random_frozen|seed=43|scale_aware_transient_query - frozen|random_frozen|seed=43|transient_query,0.05395292849049177,0.05397899050925749,0.0536035773389438,0.012252223202535484,0.95,0.031078519063553006,0.07932648921329531,True,1.0,0.0,0.0009995002498750624,2000,20260727,1706,441,frozen|random_frozen|seed=43|scale_aware_transient_query,frozen|random_frozen|seed=43|transient_query,0.43446856026240493,0.38051563177191317
online|seed=17|panopticon_pretrained|transient_query-minus-current_only,online,17,within_condition_arm_effect,ap,online|panopticon_pretrained|seed=17|transient_query - online|panopticon_pretrained|seed=17|current_only,0.014810393235520358,0.015089540325472424,0.015381548961626856,0.011446697255860934,0.95,-0.007767194487135625,0.037593367681120884,False,0.9075,0.0925,0.18590704647676162,2000,20260727,1706,441,online|panopticon_pretrained|seed=17|transient_query,online|panopticon_pretrained|seed=17|current_only,0.7111227892328844,0.696312395997364
online|seed=17|panopticon_pretrained|transient_query-minus-current_only,online,17,within_condition_arm_effect,auc,online|panopticon_pretrained|seed=17|transient_query - online|panopticon_pretrained|seed=17|current_only,0.010890967180428035,0.011161020063814262,0.011078739711450736,0.00869774522274921,0.95,-0.005512803515112223,0.028612475240304254,False,0.9005,0.0995,0.19990004997501248,2000,20260727,1706,441,online|panopticon_pretrained|seed=17|transient_query,online|panopticon_pretrained|seed=17|current_only,0.7429767721171315,0.7320858049367035
online|seed=17|panopticon_pretrained|transient_query-minus-current_only,online,17,within_condition_arm_effect,macro_f1_at_0_5,online|panopticon_pretrained|seed=17|transient_query - online|panopticon_pretrained|seed=17|current_only,-0.013271474062334643,-0.013286061753814148,-0.013498060679965118,0.01293184468748183,0.95,-0.037378345742297835,0.012797291304920251,False,0.1435,0.8565,0.28785607196401797,2000,20260727,1706,441,online|panopticon_pretrained|seed=17|transient_query,online|panopticon_pretrained|seed=17|current_only,0.6093158077778191,0.6225872818401538
online|seed=17|scratch|transient_query-minus-current_only,online,17,within_condition_arm_effect,ap,online|scratch|seed=17|transient_query - online|scratch|seed=17|current_only,-0.022356026860960276,-0.021152781662168135,-0.021205426291921292,0.011508493854481173,0.95,-0.044331103477628475,0.00016421377703833731,False,0.027,0.973,0.054972513743128434,2000,20260727,1706,441,online|scratch|seed=17|transient_query,online|scratch|seed=17|current_only,0.5656458349530363,0.5880018618139966
online|seed=17|scratch|transient_query-minus-current_only,online,17,within_condition_arm_effect,auc,online|scratch|seed=17|transient_query - online|scratch|seed=17|current_only,-0.01479295262685254,-0.01477735004613864,-0.014331073030118269,0.009769867480341386,0.95,-0.03417529899815357,0.004585165825998647,False,0.0585,0.9415,0.11794102948525736,2000,20260727,1706,441,online|scratch|seed=17|transient_query,online|scratch|seed=17|current_only,0.6039616221743468,0.6187545748011993
online|seed=17|scratch|transient_query-minus-current_only,online,17,within_condition_arm_effect,macro_f1_at_0_5,online|scratch|seed=17|transient_query - online|scratch|seed=17|current_only,-0.08746476368636746,-0.08691015494529833,-0.08682457908811592,0.015837985776896886,0.95,-0.1181641271902512,-0.055557495969082084,True,0.0,1.0,0.0009995002498750624,2000,20260727,1706,441,online|scratch|seed=17|transient_query,online|scratch|seed=17|current_only,0.49644554796276363,0.5839103116491311
frozen|seed=17|current_only|panopticon_pretrained-minus-random_frozen,frozen,17,pretraining_effect_within_arm,ap,frozen|panopticon_pretrained|seed=17|current_only - frozen|random_frozen|seed=17|current_only,0.13655980587698224,0.1373589269343583,0.1370071265058323,0.01663688040619039,0.95,0.10348560441541525,0.1702419725967081,True,1.0,0.0,0.0009995002498750624,2000,20260727,1706,441,frozen|panopticon_pretrained|seed=17|current_only,frozen|random_frozen|seed=17|current_only,0.6535767859053433,0.517016980028361
frozen|seed=17|current_only|panopticon_pretrained-minus-random_frozen,frozen,17,pretraining_effect_within_arm,auc,frozen|panopticon_pretrained|seed=17|current_only - frozen|random_frozen|seed=17|current_only,0.14497882273501506,0.14591436674673114,0.14592926652532812,0.01397848984009076,0.95,0.11893941730027059,0.17305311054929057,True,1.0,0.0,0.0009995002498750624,2000,20260727,1706,441,frozen|panopticon_pretrained|seed=17|current_only,frozen|random_frozen|seed=17|current_only,0.6925664409880048,0.5475876182529897
frozen|seed=17|current_only|panopticon_pretrained-minus-random_frozen,frozen,17,pretraining_effect_within_arm,macro_f1_at_0_5,frozen|panopticon_pretrained|seed=17|current_only - frozen|random_frozen|seed=17|current_only,0.1367366609000023,0.13619167608931698,0.13616029973207044,0.017321893753003956,0.95,0.1019442132282892,0.16963253254747296,True,1.0,0.0,0.0009995002498750624,2000,20260727,1706,441,frozen|panopticon_pretrained|seed=17|current_only,frozen|random_frozen|seed=17|current_only,0.5712052211624072,0.43446856026240493
frozen|seed=17|history_shuffle_train|panopticon_pretrained-minus-random_frozen,frozen,17,pretraining_effect_within_arm,ap,frozen|panopticon_pretrained|seed=17|history_shuffle_train - frozen|random_frozen|seed=17|history_shuffle_train,0.15960494078258514,0.1601156417097094,0.15949439396814802,0.01737752939463474,0.95,0.12755096809209723,0.19460857218353317,True,1.0,0.0,0.0009995002498750624,2000,20260727,1706,441,frozen|panopticon_pretrained|seed=17|history_shuffle_train,frozen|random_frozen|seed=17|history_shuffle_train,0.6513154217150751,0.4917104809324899
frozen|seed=17|history_shuffle_train|panopticon_pretrained-minus-random_frozen,frozen,17,pretraining_effect_within_arm,auc,frozen|panopticon_pretrained|seed=17|history_shuffle_train - frozen|random_frozen|seed=17|history_shuffle_train,0.17274726065401136,0.17321409406669583,0.1732190892335408,0.01618845316706223,0.95,0.1421146703930376,0.20440671270655933,True,1.0,0.0,0.0009995002498750624,2000,20260727,1706,441,frozen|panopticon_pretrained|seed=17|history_shuffle_train,frozen|random_frozen|seed=17|history_shuffle_train,0.6881870849816454,0.515439824327634
frozen|seed=17|history_shuffle_train|panopticon_pretrained-minus-random_frozen,frozen,17,pretraining_effect_within_arm,macro_f1_at_0_5,frozen|panopticon_pretrained|seed=17|history_shuffle_train - frozen|random_frozen|seed=17|history_shuffle_train,0.16799633279118942,0.16759544465677323,0.16718734443464703,0.018559867867916763,0.95,0.13180660949326783,0.2045612038023109,True,1.0,0.0,0.0009995002498750624,2000,20260727,1706,441,frozen|panopticon_pretrained|seed=17|history_shuffle_train,frozen|random_frozen|seed=17|history_shuffle_train,0.5775325987175899,0.40953626592640047
frozen|seed=17|scale_aware_transient_query|panopticon_pretrained-minus-random_frozen,frozen,17,pretraining_effect_within_arm,ap,frozen|panopticon_pretrained|seed=17|scale_aware_transient_query - frozen|random_frozen|seed=17|scale_aware_transient_query,0.17786293029128575,0.17822919392795192,0.17802213478126205,0.01592422178941535,0.95,0.14733387564102376,0.2106930719255433,True,1.0,0.0,0.0009995002498750624,2000,20260727,1706,441,frozen|panopticon_pretrained|seed=17|scale_aware_transient_query,frozen|random_frozen|seed=17|scale_aware_transient_query,0.6927356615989668,0.5148727313076811
frozen|seed=17|scale_aware_transient_query|panopticon_pretrained-minus-random_frozen,frozen,17,pretraining_effect_within_arm,auc,frozen|panopticon_pretrained|seed=17|scale_aware_transient_query - frozen|random_frozen|seed=17|scale_aware_transient_query,0.18427610559713514,0.18442689778352422,0.18457069848702473,0.013677588984530543,0.95,0.15823472572454586,0.21112196069106046,True,1.0,0.0,0.0009995002498750624,2000,20260727,1706,441,frozen|panopticon_pretrained|seed=17|scale_aware_transient_query,frozen|random_frozen|seed=17|scale_aware_transient_query,0.7340824591917354,0.5498063535946003
frozen|seed=17|scale_aware_transient_query|panopticon_pretrained-minus-random_frozen,frozen,17,pretraining_effect_within_arm,macro_f1_at_0_5,frozen|panopticon_pretrained|seed=17|scale_aware_transient_query - frozen|random_frozen|seed=17|scale_aware_transient_query,0.30354744825596375,0.30371869718715094,0.3036337308267665,0.01288351084840316,0.95,0.2794324965551165,0.32976198896335535,True,1.0,0.0,0.0009995002498750624,2000,20260727,1706,441,frozen|panopticon_pretrained|seed=17|scale_aware_transient_query,frozen|random_frozen|seed=17|scale_aware_transient_query,0.6546315106370972,0.3510840623811335
frozen|seed=17|transient_query|panopticon_pretrained-minus-random_frozen,frozen,17,pretraining_effect_within_arm,ap,frozen|panopticon_pretrained|seed=17|transient_query - frozen|random_frozen|seed=17|transient_query,0.18849375261097845,0.18923172039502595,0.18860255661110467,0.016680693282973617,0.95,0.15664785936220765,0.22273837379737535,True,1.0,0.0,0.0009995002498750624,2000,20260727,1706,441,frozen|panopticon_pretrained|seed=17|transient_query,frozen|random_frozen|seed=17|transient_query,0.6799692788891434,0.49147552627816493
frozen|seed=17|transient_query|panopticon_pretrained-minus-random_frozen,frozen,17,pretraining_effect_within_arm,auc,frozen|panopticon_pretrained|seed=17|transient_query - frozen|random_frozen|seed=17|transient_query,0.2059210553625318,0.20667137136682623,0.20652805718876033,0.014740541788710017,0.95,0.17843629148441928,0.23560515045426422,True,1.0,0.0,0.0009995002498750624,2000,20260727,1706,441,frozen|panopticon_pretrained|seed=17|transient_query,frozen|random_frozen|seed=17|transient_query,0.7278157598701552,0.5218947045076234
frozen|seed=17|transient_query|panopticon_pretrained-minus-random_frozen,frozen,17,pretraining_effect_within_arm,macro_f1_at_0_5,frozen|panopticon_pretrained|seed=17|transient_query - frozen|random_frozen|seed=17|transient_query,0.06085600615727493,0.06221050790142313,0.06134314704306515,0.01924145807331612,0.95,0.025858774241961126,0.10152811621295604,True,0.9995,0.0005,0.001999000499750125,2000,20260727,1706,441,frozen|panopticon_pretrained|seed=17|transient_query,frozen|random_frozen|seed=17|transient_query,0.5780464484112873,0.5171904422540123
frozen|seed=17|interaction|transient_query,frozen,17,pretraining_by_temporal_interaction,ap,frozen|panopticon_pretrained|seed=17|transient_query - frozen|panopticon_pretrained|seed=17|current_only - frozen|random_frozen|seed=17|transient_query + frozen|random_frozen|seed=17|current_only,0.051933946733996206,0.05187279346066768,0.05199559856488045,0.014284664680612779,0.95,0.024256115215570848,0.080390645995064,True,1.0,0.0,0.0009995002498750624,2000,20260727,1706,441,,,,
frozen|seed=17|interaction|transient_query,frozen,17,pretraining_by_temporal_interaction,auc,frozen|panopticon_pretrained|seed=17|transient_query - frozen|panopticon_pretrained|seed=17|current_only - frozen|random_frozen|seed=17|transient_query + frozen|random_frozen|seed=17|current_only,0.060942232627516746,0.060757004620095104,0.060999078874026225,0.01253496441654629,0.95,0.03535986810698883,0.08459152624984292,True,1.0,0.0,0.0009995002498750624,2000,20260727,1706,441,,,,
frozen|seed=17|interaction|transient_query,frozen,17,pretraining_by_temporal_interaction,macro_f1_at_0_5,frozen|panopticon_pretrained|seed=17|transient_query - frozen|panopticon_pretrained|seed=17|current_only - frozen|random_frozen|seed=17|transient_query + frozen|random_frozen|seed=17|current_only,-0.07588065474272737,-0.07398116818789384,-0.07460403904457061,0.016923889628144756,0.95,-0.10577183049827632,-0.039633157434318694,True,0.0,1.0,0.0009995002498750624,2000,20260727,1706,441,,,,
frozen|seed=17|interaction|scale_aware_transient_query,frozen,17,pretraining_by_temporal_interaction,ap,frozen|panopticon_pretrained|seed=17|scale_aware_transient_query - frozen|panopticon_pretrained|seed=17|current_only - frozen|random_frozen|seed=17|scale_aware_transient_query + frozen|random_frozen|seed=17|current_only,0.041303124414303505,0.04087026699359365,0.04106820337167716,0.013700835645690137,0.95,0.013897335644166814,0.06766475643923223,True,0.9985,0.0015,0.00399800099950025,2000,20260727,1706,441,,,,
frozen|seed=17|interaction|scale_aware_transient_query,frozen,17,pretraining_by_temporal_interaction,auc,frozen|panopticon_pretrained|seed=17|scale_aware_transient_query - frozen|panopticon_pretrained|seed=17|current_only - frozen|random_frozen|seed=17|scale_aware_transient_query + frozen|random_frozen|seed=17|current_only,0.039297282862120086,0.038512531036793064,0.03868130086512389,0.012289983780099704,0.95,0.014481773467565143,0.0626991635345598,True,0.999,0.001,0.0029985007496251873,2000,20260727,1706,441,,,,
frozen|seed=17|interaction|scale_aware_transient_query,frozen,17,pretraining_by_temporal_interaction,macro_f1_at_0_5,frozen|panopticon_pretrained|seed=17|scale_aware_transient_query - frozen|panopticon_pretrained|seed=17|current_only - frozen|random_frozen|seed=17|scale_aware_transient_query + frozen|random_frozen|seed=17|current_only,0.1668107873559615,0.16752702109783393,0.16766604938232593,0.018777193625551844,0.95,0.13027616437922207,0.20459990460073976,True,1.0,0.0,0.0009995002498750624,2000,20260727,1706,441,,,,
frozen|seed=29|current_only|panopticon_pretrained-minus-random_frozen,frozen,29,pretraining_effect_within_arm,ap,frozen|panopticon_pretrained|seed=29|current_only - frozen|random_frozen|seed=29|current_only,0.14049648422444894,0.1403876051873691,0.14004493390545342,0.01862355456805138,0.95,0.10321972582094883,0.17868602444266787,True,1.0,0.0,0.0009995002498750624,2000,20260727,1706,441,frozen|panopticon_pretrained|seed=29|current_only,frozen|random_frozen|seed=29|current_only,0.6537260547642252,0.5132295705397762
frozen|seed=29|current_only|panopticon_pretrained-minus-random_frozen,frozen,29,pretraining_effect_within_arm,auc,frozen|panopticon_pretrained|seed=29|current_only - frozen|random_frozen|seed=29|current_only,0.15373822658912517,0.15387088653382552,0.15380940946354105,0.016270977665643237,0.95,0.12247759442189192,0.18487291499744532,True,1.0,0.0,0.0009995002498750624,2000,20260727,1706,441,frozen|panopticon_pretrained|seed=29|current_only,frozen|random_frozen|seed=29|current_only,0.697046805837481,0.5433085792483558
frozen|seed=29|current_only|panopticon_pretrained-minus-random_frozen,frozen,29,pretraining_effect_within_arm,macro_f1_at_0_5,frozen|panopticon_pretrained|seed=29|current_only - frozen|random_frozen|seed=29|current_only,0.10520492173926776,0.10631126085854675,0.10621940456076256,0.01513686441529635,0.95,0.07745402026570734,0.13579606972811062,True,1.0,0.0,0.0009995002498750624,2000,20260727,1706,441,frozen|panopticon_pretrained|seed=29|current_only,frozen|random_frozen|seed=29|current_only,0.637065402382689,0.5318604806434213
frozen|seed=29|history_shuffle_train|panopticon_pretrained-minus-random_frozen,frozen,29,pretraining_effect_within_arm,ap,frozen|panopticon_pretrained|seed=29|history_shuffle_train - frozen|random_frozen|seed=29|history_shuffle_train,0.1706218856111027,0.17055429842273986,0.1701319620375834,0.018120033587449215,0.95,0.1362212001313831,0.20587849919232354,True,1.0,0.0,0.0009995002498750624,2000,20260727,1706,441,frozen|panopticon_pretrained|seed=29|history_shuffle_train,frozen|random_frozen|seed=29|history_shuffle_train,0.6566900961291898,0.48606821051808713
frozen|seed=29|history_shuffle_train|panopticon_pretrained-minus-random_frozen,frozen,29,pretraining_effect_within_arm,auc,frozen|panopticon_pretrained|seed=29|history_shuffle_train - frozen|random_frozen|seed=29|history_shuffle_train,0.1808805480490765,0.18126779818454083,0.18113890095165158,0.017649053245354172,0.95,0.14746113648153306,0.21509331962682035,True,1.0,0.0,0.0009995002498750624,2000,20260727,1706,441,frozen|panopticon_pretrained|seed=29|history_shuffle_train,frozen|random_frozen|seed=29|history_shuffle_train,0.6981122415799443,0.5172316935308678
frozen|seed=29|history_shuffle_train|panopticon_pretrained-minus-random_frozen,frozen,29,pretraining_effect_within_arm,macro_f1_at_0_5,frozen|panopticon_pretrained|seed=29|history_shuffle_train - frozen|random_frozen|seed=29|history_shuffle_train,0.20938587818045773,0.20970060852418185,0.2094124776111436,0.015657368884992307,0.95,0.1797250552081386,0.24131115287152097,True,1.0,0.0,0.0009995002498750624,2000,20260727,1706,441,frozen|panopticon_pretrained|seed=29|history_shuffle_train,frozen|random_frozen|seed=29|history_shuffle_train,0.633798442749454,0.42441256456899623
frozen|seed=29|scale_aware_transient_query|panopticon_pretrained-minus-random_frozen,frozen,29,pretraining_effect_within_arm,ap,frozen|panopticon_pretrained|seed=29|scale_aware_transient_query - frozen|random_frozen|seed=29|scale_aware_transient_query,0.16060107872254958,0.1616102200394847,0.16143419345901933,0.016624835122649326,0.95,0.12938367143289795,0.19509475816898147,True,1.0,0.0,0.0009995002498750624,2000,20260727,1706,441,frozen|panopticon_pretrained|seed=29|scale_aware_transient_query,frozen|random_frozen|seed=29|scale_aware_transient_query,0.6895639804695883,0.5289629017470387
frozen|seed=29|scale_aware_transient_query|panopticon_pretrained-minus-random_frozen,frozen,29,pretraining_effect_within_arm,auc,frozen|panopticon_pretrained|seed=29|scale_aware_transient_query - frozen|random_frozen|seed=29|scale_aware_transient_query,0.17983586754834935,0.17985393731013052,0.1798858036635293,0.013886682889921072,0.95,0.152083757878135,0.2070789604064183,True,1.0,0.0,0.0009995002498750624,2000,20260727,1706,441,frozen|panopticon_pretrained|seed=29|scale_aware_transient_query,frozen|random_frozen|seed=29|scale_aware_transient_query,0.7335262187132027,0.5536903511648533
frozen|seed=29|scale_aware_transient_query|panopticon_pretrained-minus-random_frozen,frozen,29,pretraining_effect_within_arm,macro_f1_at_0_5,frozen|panopticon_pretrained|seed=29|scale_aware_transient_query - frozen|random_frozen|seed=29|scale_aware_transient_query,0.22783791260450736,0.2273059088695577,0.22783167813736854,0.015389301260861398,0.95,0.19511690401698745,0.2570324618381224,True,1.0,0.0,0.0009995002498750624,2000,20260727,1706,441,frozen|panopticon_pretrained|seed=29|scale_aware_transient_query,frozen|random_frozen|seed=29|scale_aware_transient_query,0.6665243794620161,0.4386864668575088
frozen|seed=29|transient_query|panopticon_pretrained-minus-random_frozen,frozen,29,pretraining_effect_within_arm,ap,frozen|panopticon_pretrained|seed=29|transient_query - frozen|random_frozen|seed=29|transient_query,0.1897651609020038,0.1894716396403585,0.1889575124958091,0.018806154614927358,0.95,0.1531829386404916,0.22645283248219403,True,1.0,0.0,0.0009995002498750624,2000,20260727,1706,441,frozen|panopticon_pretrained|seed=29|transient_query,frozen|random_frozen|seed=29|transient_query,0.6837022842386542,0.4939371233366504
frozen|seed=29|transient_query|panopticon_pretrained-minus-random_frozen,frozen,29,pretraining_effect_within_arm,auc,frozen|panopticon_pretrained|seed=29|transient_query - frozen|random_frozen|seed=29|transient_query,0.2100859405376161,0.21009250811520286,0.2101028162487394,0.01587290428662683,0.95,0.17862005059785005,0.23994923224815595,True,1.0,0.0,0.0009995002498750624,2000,20260727,1706,441,frozen|panopticon_pretrained|seed=29|transient_query,frozen|random_frozen|seed=29|transient_query,0.7310452754843235,0.5209593349467074
frozen|seed=29|transient_query|panopticon_pretrained-minus-random_frozen,frozen,29,pretraining_effect_within_arm,macro_f1_at_0_5,frozen|panopticon_pretrained|seed=29|transient_query - frozen|random_frozen|seed=29|transient_query,0.34526482679911547,0.34496551775419576,0.34479670636281945,0.013142316119921157,0.95,0.31956802173649834,0.37042305478627224,True,1.0,0.0,0.0009995002498750624,2000,20260727,1706,441,frozen|panopticon_pretrained|seed=29|transient_query,frozen|random_frozen|seed=29|transient_query,0.6598489971486534,0.31458417034953795
frozen|seed=29|interaction|transient_query,frozen,29,pretraining_by_temporal_interaction,ap,frozen|panopticon_pretrained|seed=29|transient_query - frozen|panopticon_pretrained|seed=29|current_only - frozen|random_frozen|seed=29|transient_query + frozen|random_frozen|seed=29|current_only,0.04926867667755486,0.049084034452989436,0.04907892403320327,0.017718947832002098,0.95,0.014356011421991772,0.08370230430422564,True,0.9975,0.0025,0.005997001499250375,2000,20260727,1706,441,,,,
frozen|seed=29|interaction|transient_query,frozen,29,pretraining_by_temporal_interaction,auc,frozen|panopticon_pretrained|seed=29|transient_query - frozen|panopticon_pretrained|seed=29|current_only - frozen|random_frozen|seed=29|transient_query + frozen|random_frozen|seed=29|current_only,0.05634771394849092,0.05622162158137733,0.056258946889396366,0.012778374971125989,0.95,0.03024599986827679,0.08063723325170936,True,1.0,0.0,0.0009995002498750624,2000,20260727,1706,441,,,,
frozen|seed=29|interaction|transient_query,frozen,29,pretraining_by_temporal_interaction,macro_f1_at_0_5,frozen|panopticon_pretrained|seed=29|transient_query - frozen|panopticon_pretrained|seed=29|current_only - frozen|random_frozen|seed=29|transient_query + frozen|random_frozen|seed=29|current_only,0.2400599050598477,0.23865425689564904,0.23922713279911004,0.016441814936445948,0.95,0.20560789318738146,0.26991726826758927,True,1.0,0.0,0.0009995002498750624,2000,20260727,1706,441,,,,
frozen|seed=29|interaction|scale_aware_transient_query,frozen,29,pretraining_by_temporal_interaction,ap,frozen|panopticon_pretrained|seed=29|scale_aware_transient_query - frozen|panopticon_pretrained|seed=29|current_only - frozen|random_frozen|seed=29|scale_aware_transient_query + frozen|random_frozen|seed=29|current_only,0.020104594498100647,0.02122261485211559,0.021693289826448192,0.014665486318043193,0.95,-0.008375683827664722,0.049037853828261084,False,0.9215,0.0785,0.15792103948025987,2000,20260727,1706,441,,,,
frozen|seed=29|interaction|scale_aware_transient_query,frozen,29,pretraining_by_temporal_interaction,auc,frozen|panopticon_pretrained|seed=29|scale_aware_transient_query - frozen|panopticon_pretrained|seed=29|current_only - frozen|random_frozen|seed=29|scale_aware_transient_query + frozen|random_frozen|seed=29|current_only,0.026097640959224178,0.02598305077630502,0.026069893218277462,0.013347373410145405,0.95,-0.0015014677631695716,0.051111996696745945,False,0.968,0.032,0.06496751624187906,2000,20260727,1706,441,,,,
frozen|seed=29|interaction|scale_aware_transient_query,frozen,29,pretraining_by_temporal_interaction,macro_f1_at_0_5,frozen|panopticon_pretrained|seed=29|scale_aware_transient_query - frozen|panopticon_pretrained|seed=29|current_only - frozen|random_frozen|seed=29|scale_aware_transient_query + frozen|random_frozen|seed=29|current_only,0.1226329908652396,0.12099464801101094,0.12124517022642387,0.01891530666491407,0.95,0.08383117771956584,0.15713946297952358,True,1.0,0.0,0.0009995002498750624,2000,20260727,1706,441,,,,
frozen|seed=43|current_only|panopticon_pretrained-minus-random_frozen,frozen,43,pretraining_effect_within_arm,ap,frozen|panopticon_pretrained|seed=43|current_only - frozen|random_frozen|seed=43|current_only,0.144128399454157,0.14374831688165432,0.14397971098390822,0.016447431790489568,0.95,0.11029154192332112,0.17615161468728513,True,1.0,0.0,0.0009995002498750624,2000,20260727,1706,441,frozen|panopticon_pretrained|seed=43|current_only,frozen|random_frozen|seed=43|current_only,0.6464694341240914,0.5023410346699344
frozen|seed=43|current_only|panopticon_pretrained-minus-random_frozen,frozen,43,pretraining_effect_within_arm,auc,frozen|panopticon_pretrained|seed=43|current_only - frozen|random_frozen|seed=43|current_only,0.15136382693449235,0.1518432841520534,0.15207670838324328,0.015588463726839072,0.95,0.11978475486998917,0.1823125553341167,True,1.0,0.0,0.0009995002498750624,2000,20260727,1706,441,frozen|panopticon_pretrained|seed=43|current_only,frozen|random_frozen|seed=43|current_only,0.689977570502097,0.5386137435676046
frozen|seed=43|current_only|panopticon_pretrained-minus-random_frozen,frozen,43,pretraining_effect_within_arm,macro_f1_at_0_5,frozen|panopticon_pretrained|seed=43|current_only - frozen|random_frozen|seed=43|current_only,-0.001729390683026577,-0.0004637335827354627,-0.0009031987063837232,0.019181779964863154,0.95,-0.03805089204481912,0.03867512616073771,False,0.484,0.516,0.9685157421289355,2000,20260727,1706,441,frozen|panopticon_pretrained|seed=43|current_only,frozen|random_frozen|seed=43|current_only,0.5279841897233202,0.5297135804063468
frozen|seed=43|history_shuffle_train|panopticon_pretrained-minus-random_frozen,frozen,43,pretraining_effect_within_arm,ap,frozen|panopticon_pretrained|seed=43|history_shuffle_train - frozen|random_frozen|seed=43|history_shuffle_train,0.1508990736464736,0.15133883208827914,0.15091526750840695,0.01732607188161686,0.95,0.11795391996542623,0.1857837301501268,True,1.0,0.0,0.0009995002498750624,2000,20260727,1706,441,frozen|panopticon_pretrained|seed=43|history_shuffle_train,frozen|random_frozen|seed=43|history_shuffle_train,0.6394411252161865,0.48854205156971287
frozen|seed=43|history_shuffle_train|panopticon_pretrained-minus-random_frozen,frozen,43,pretraining_effect_within_arm,auc,frozen|panopticon_pretrained|seed=43|history_shuffle_train - frozen|random_frozen|seed=43|history_shuffle_train,0.1634177794935444,0.16419507220706964,0.16406336597636162,0.016963050371339942,0.95,0.13080295646392173,0.19747046586280448,True,1.0,0.0,0.0009995002498750624,2000,20260727,1706,441,frozen|panopticon_pretrained|seed=43|history_shuffle_train,frozen|random_frozen|seed=43|history_shuffle_train,0.6853477679121195,0.5219299884185751
frozen|seed=43|history_shuffle_train|panopticon_pretrained-minus-random_frozen,frozen,43,pretraining_effect_within_arm,macro_f1_at_0_5,frozen|panopticon_pretrained|seed=43|history_shuffle_train - frozen|random_frozen|seed=43|history_shuffle_train,0.15016711779852465,0.149787323623717,0.14967630074703167,0.016771387572594217,0.95,0.11766920078177262,0.18289637476820972,True,1.0,0.0,0.0009995002498750624,2000,20260727,1706,441,frozen|panopticon_pretrained|seed=43|history_shuffle_train,frozen|random_frozen|seed=43|history_shuffle_train,0.5306827495704378,0.38051563177191317
frozen|seed=43|scale_aware_transient_query|panopticon_pretrained-minus-random_frozen,frozen,43,pretraining_effect_within_arm,ap,frozen|panopticon_pretrained|seed=43|scale_aware_transient_query - frozen|random_frozen|seed=43|scale_aware_transient_query,0.1718694092625621,0.1719396708512972,0.17158720398609417,0.015530624918311978,0.95,0.14194056877904296,0.20319444988427432,True,1.0,0.0,0.0009995002498750624,2000,20260727,1706,441,frozen|panopticon_pretrained|seed=43|scale_aware_transient_query,frozen|random_frozen|seed=43|scale_aware_transient_query,0.6828179775859795,0.5109485683234174
frozen|seed=43|scale_aware_transient_query|panopticon_pretrained-minus-random_frozen,frozen,43,pretraining_effect_within_arm,auc,frozen|panopticon_pretrained|seed=43|scale_aware_transient_query - frozen|random_frozen|seed=43|scale_aware_transient_query,0.1782397894588278,0.17893266604262875,0.17920079699002217,0.013444132573443394,0.95,0.15299678344352785,0.20449403080365375,True,1.0,0.0,0.0009995002498750624,2000,20260727,1706,441,frozen|panopticon_pretrained|seed=43|scale_aware_transient_query,frozen|random_frozen|seed=43|scale_aware_transient_query,0.7236398052328116,0.5454000157739838
frozen|seed=43|scale_aware_transient_query|panopticon_pretrained-minus-random_frozen,frozen,43,pretraining_effect_within_arm,macro_f1_at_0_5,frozen|panopticon_pretrained|seed=43|scale_aware_transient_query - frozen|random_frozen|seed=43|scale_aware_transient_query,0.17254071916639863,0.17206842986212464,0.17143415933867442,0.015569566817446883,0.95,0.14177276954550752,0.20208653185882333,True,1.0,0.0,0.0009995002498750624,2000,20260727,1706,441,frozen|panopticon_pretrained|seed=43|scale_aware_transient_query,frozen|random_frozen|seed=43|scale_aware_transient_query,0.6070092794288036,0.43446856026240493
frozen|seed=43|transient_query|panopticon_pretrained-minus-random_frozen,frozen,43,pretraining_effect_within_arm,ap,frozen|panopticon_pretrained|seed=43|transient_query - frozen|random_frozen|seed=43|transient_query,0.1872551829144965,0.18733225682279617,0.1868037888479357,0.01628203478172001,0.95,0.15578074657622892,0.21941663880454568,True,1.0,0.0,0.0009995002498750624,2000,20260727,1706,441,frozen|panopticon_pretrained|seed=43|transient_query,frozen|random_frozen|seed=43|transient_query,0.6723617655242674,0.4851065826097709
frozen|seed=43|transient_query|panopticon_pretrained-minus-random_frozen,frozen,43,pretraining_effect_within_arm,auc,frozen|panopticon_pretrained|seed=43|transient_query - frozen|random_frozen|seed=43|transient_query,0.2011411231906619,0.20212648190782825,0.2019863275525065,0.01644720209603707,0.95,0.16874806615939286,0.23364851669755904,True,1.0,0.0,0.0009995002498750624,2000,20260727,1706,441,frozen|panopticon_pretrained|seed=43|transient_query,frozen|random_frozen|seed=43|transient_query,0.7143207016932127,0.5131795785025508
frozen|seed=43|transient_query|panopticon_pretrained-minus-random_frozen,frozen,43,pretraining_effect_within_arm,macro_f1_at_0_5,frozen|panopticon_pretrained|seed=43|transient_query - frozen|random_frozen|seed=43|transient_query,0.1322020123534411,0.13081260105245832,0.13117911025285225,0.017645898080447087,0.95,0.09598173970172379,0.16460158903501065,True,1.0,0.0,0.0009995002498750624,2000,20260727,1706,441,frozen|panopticon_pretrained|seed=43|transient_query,frozen|random_frozen|seed=43|transient_query,0.5127176441253543,0.38051563177191317
frozen|seed=43|interaction|transient_query,frozen,43,pretraining_by_temporal_interaction,ap,frozen|panopticon_pretrained|seed=43|transient_query - frozen|panopticon_pretrained|seed=43|current_only - frozen|random_frozen|seed=43|transient_query + frozen|random_frozen|seed=43|current_only,0.04312678346033949,0.04358393994114182,0.043286626012234014,0.014464227202746689,0.95,0.015222167710219303,0.07031542629235142,True,0.9995,0.0005,0.001999000499750125,2000,20260727,1706,441,,,,
frozen|seed=43|interaction|transient_query,frozen,43,pretraining_by_temporal_interaction,auc,frozen|panopticon_pretrained|seed=43|transient_query - frozen|panopticon_pretrained|seed=43|current_only - frozen|random_frozen|seed=43|transient_query + frozen|random_frozen|seed=43|current_only,0.049777296256169556,0.05028319775577488,0.050667450193615904,0.01344908944290451,0.95,0.023697198001860747,0.07651418985251318,True,1.0,0.0,0.0009995002498750624,2000,20260727,1706,441,,,,
frozen|seed=43|interaction|transient_query,frozen,43,pretraining_by_temporal_interaction,macro_f1_at_0_5,frozen|panopticon_pretrained|seed=43|transient_query - frozen|panopticon_pretrained|seed=43|current_only - frozen|random_frozen|seed=43|transient_query + frozen|random_frozen|seed=43|current_only,0.13393140303646767,0.13127633463519378,0.13257941567825254,0.027284052115699176,0.95,0.0783271603379264,0.18328286012873135,True,1.0,0.0,0.0009995002498750624,2000,20260727,1706,441,,,,
frozen|seed=43|interaction|scale_aware_transient_query,frozen,43,pretraining_by_temporal_interaction,ap,frozen|panopticon_pretrained|seed=43|scale_aware_transient_query - frozen|panopticon_pretrained|seed=43|current_only - frozen|random_frozen|seed=43|scale_aware_transient_query + frozen|random_frozen|seed=43|current_only,0.027741009808405104,0.02819135396964285,0.028408331296356948,0.013160180069684944,0.95,0.0029951326167861935,0.05427913345710378,True,0.985,0.015,0.030984507746126936,2000,20260727,1706,441,,,,
frozen|seed=43|interaction|scale_aware_transient_query,frozen,43,pretraining_by_temporal_interaction,auc,frozen|panopticon_pretrained|seed=43|scale_aware_transient_query - frozen|panopticon_pretrained|seed=43|current_only - frozen|random_frozen|seed=43|scale_aware_transient_query + frozen|random_frozen|seed=43|current_only,0.02687596252433544,0.027089381890575345,0.027484273739363962,0.01336273366780134,0.95,0.0008752004895776224,0.05245463096413844,True,0.9805,0.0195,0.0399800099950025,2000,20260727,1706,441,,,,
frozen|seed=43|interaction|scale_aware_transient_query,frozen,43,pretraining_by_temporal_interaction,macro_f1_at_0_5,frozen|panopticon_pretrained|seed=43|scale_aware_transient_query - frozen|panopticon_pretrained|seed=43|current_only - frozen|random_frozen|seed=43|scale_aware_transient_query + frozen|random_frozen|seed=43|current_only,0.1742701098494252,0.17253216344486008,0.17331775955881987,0.02475225585305069,0.95,0.12494051395514419,0.22030270182513342,True,1.0,0.0,0.0009995002498750624,2000,20260727,1706,441,,,,
online|seed=17|current_only|panopticon_pretrained-minus-scratch,online,17,pretraining_effect_within_arm,ap,online|panopticon_pretrained|seed=17|current_only - online|scratch|seed=17|current_only,0.10831053418336745,0.10842126434695896,0.10859153429922547,0.015120544151651556,0.95,0.0794471814840504,0.13906692915684085,True,1.0,0.0,0.0009995002498750624,2000,20260727,1706,441,online|panopticon_pretrained|seed=17|current_only,online|scratch|seed=17|current_only,0.696312395997364,0.5880018618139966
online|seed=17|current_only|panopticon_pretrained-minus-scratch,online,17,pretraining_effect_within_arm,auc,online|panopticon_pretrained|seed=17|current_only - online|scratch|seed=17|current_only,0.11333123013550417,0.11359255010968847,0.11373254573751679,0.013534005179050245,0.95,0.08748629093918235,0.13989674753375347,True,1.0,0.0,0.0009995002498750624,2000,20260727,1706,441,online|panopticon_pretrained|seed=17|current_only,online|scratch|seed=17|current_only,0.7320858049367035,0.6187545748011993
online|seed=17|current_only|panopticon_pretrained-minus-scratch,online,17,pretraining_effect_within_arm,macro_f1_at_0_5,online|panopticon_pretrained|seed=17|current_only - online|scratch|seed=17|current_only,0.038676970191022675,0.039133702552639434,0.03925512557154354,0.01519410539349768,0.95,0.008808179105866879,0.06758586992723342,True,0.9935,0.0065,0.013993003498250875,2000,20260727,1706,441,online|panopticon_pretrained|seed=17|current_only,online|scratch|seed=17|current_only,0.6225872818401538,0.5839103116491311
online|seed=17|transient_query|panopticon_pretrained-minus-scratch,online,17,pretraining_effect_within_arm,ap,online|panopticon_pretrained|seed=17|transient_query - online|scratch|seed=17|transient_query,0.14547695427984808,0.14466358633459953,0.1449536110496692,0.01783027612104149,0.95,0.10849179655976052,0.18037981056244157,True,1.0,0.0,0.0009995002498750624,2000,20260727,1706,441,online|panopticon_pretrained|seed=17|transient_query,online|scratch|seed=17|transient_query,0.7111227892328844,0.5656458349530363
online|seed=17|transient_query|panopticon_pretrained-minus-scratch,online,17,pretraining_effect_within_arm,auc,online|panopticon_pretrained|seed=17|transient_query - online|scratch|seed=17|transient_query,0.13901514994278474,0.13953092021964136,0.13952510165697274,0.014121475827355467,0.95,0.1111821041829297,0.16730005257946745,True,1.0,0.0,0.0009995002498750624,2000,20260727,1706,441,online|panopticon_pretrained|seed=17|transient_query,online|scratch|seed=17|transient_query,0.7429767721171315,0.6039616221743468
online|seed=17|transient_query|panopticon_pretrained-minus-scratch,online,17,pretraining_effect_within_arm,macro_f1_at_0_5,online|panopticon_pretrained|seed=17|transient_query - online|scratch|seed=17|transient_query,0.1128702598150555,0.11275779574412363,0.11295436726792923,0.01852557280191354,0.95,0.07541393338463054,0.14821611903531756,True,1.0,0.0,0.0009995002498750624,2000,20260727,1706,441,online|panopticon_pretrained|seed=17|transient_query,online|scratch|seed=17|transient_query,0.6093158077778191,0.49644554796276363
online|seed=17|interaction|transient_query,online,17,pretraining_by_temporal_interaction,ap,online|panopticon_pretrained|seed=17|transient_query - online|panopticon_pretrained|seed=17|current_only - online|scratch|seed=17|transient_query + online|scratch|seed=17|current_only,0.037166420096480635,0.03624232198764056,0.03584005397438028,0.015744518645263304,0.95,0.0045737485470909115,0.06639189633163566,True,0.9845,0.0155,0.031984007996002,2000,20260727,1706,441,,,,
online|seed=17|interaction|transient_query,online,17,pretraining_by_temporal_interaction,auc,online|panopticon_pretrained|seed=17|transient_query - online|panopticon_pretrained|seed=17|current_only - online|scratch|seed=17|transient_query + online|scratch|seed=17|current_only,0.025683919807280575,0.0259383701099529,0.02571185801113729,0.013431173848869512,0.95,-0.001220640292489913,0.052552411615427605,False,0.968,0.032,0.06496751624187906,2000,20260727,1706,441,,,,
online|seed=17|interaction|transient_query,online,17,pretraining_by_temporal_interaction,macro_f1_at_0_5,online|panopticon_pretrained|seed=17|transient_query - online|panopticon_pretrained|seed=17|current_only - online|scratch|seed=17|transient_query + online|scratch|seed=17|current_only,0.07419328962403282,0.0736240931914842,0.07347967052766055,0.019592817240760074,0.95,0.033572255857720446,0.11203619120646893,True,1.0,0.0,0.0009995002498750624,2000,20260727,1706,441,,,,
