plume_id,timepoint,status,task_id,task_state,drive_folder,file_prefix,collection,bands,target_time_utc,query_start_utc,query_end_utc,selected_time_utc,selected_id,cloud_pct,nodata_pct,plume_latitude,plume_longitude,message
GAO20191020t151740p0000-A,t0,dry_run,,,CM_S2_L2A_6TIME_GEE,GAO20191020t151740p0000-A_s2_0,COPERNICUS/S2_SR_HARMONIZED,"B1,B2,B3,B4,B5,B6,B7,B8,B8A,B9,B11,B12",2019-10-20T17:35:22Z,2019-10-19T05:35:22Z,2019-10-22T05:35:22Z,2019-10-20T17:35:22Z,20191020T172341_20191020T173303_T14RKV,0.000309,0,31.087769,-101.34025,would submit; candidates=1; source=image_time
GAO20191020t151740p0000-A,year,dry_run,,,CM_S2_L2A_6TIME_GEE,GAO20191020t151740p0000-A_s2_year,COPERNICUS/S2_SR_HARMONIZED,"B1,B2,B3,B4,B5,B6,B7,B8,B8A,B9,B11,B12",2018-10-25T15:17:40Z,2018-07-27T15:17:40Z,2019-01-23T15:17:40Z,2018-10-30T17:35:17Z,20181030T172439_20181030T173323_T14RKV,17.129402,0,31.087769,-101.34025,would submit; candidates=20; source=image_time_expanded_90d
GAO20191020t153619p0000-A,t0,dry_run,,,CM_S2_L2A_6TIME_GEE,GAO20191020t153619p0000-A_s2_0,COPERNICUS/S2_SR_HARMONIZED,"B1,B2,B3,B4,B5,B6,B7,B8,B8A,B9,B11,B12",2019-10-20T17:35:22Z,2019-10-19T05:35:22Z,2019-10-22T05:35:22Z,2019-10-20T17:35:22Z,20191020T172341_20191020T173303_T14RKV,0.000309,0,31.058043,-101.86319,would submit; candidates=2; source=image_time
GAO20191020t151740p0000-A,seasonal,dry_run,,,CM_S2_L2A_6TIME_GEE,GAO20191020t151740p0000-A_s2_seasonal,COPERNICUS/S2_SR_HARMONIZED,"B1,B2,B3,B4,B5,B6,B7,B8,B8A,B9,B11,B12",2019-07-22T15:17:40Z,2019-05-23T15:17:40Z,2019-09-20T15:17:40Z,2019-07-17T17:35:28Z,20190717T171909_20190717T172856_T14RKV,6.903945,0,31.087769,-101.34025,would submit; candidates=13; source=image_time_expanded_60d
GAO20191020t153619p0000-A,seasonal,dry_run,,,CM_S2_L2A_6TIME_GEE,GAO20191020t153619p0000-A_s2_seasonal,COPERNICUS/S2_SR_HARMONIZED,"B1,B2,B3,B4,B5,B6,B7,B8,B8A,B9,B11,B12",2019-07-22T15:36:19Z,2019-05-23T15:36:19Z,2019-09-20T15:36:19Z,2019-07-17T17:35:30Z,20190717T171909_20190717T172856_T13RGQ,11.571305,17.830382,31.058043,-101.86319,would submit; candidates=26; source=image_time_expanded_60d
GAO20191020t153619p0000-A,year,dry_run,,,CM_S2_L2A_6TIME_GEE,GAO20191020t153619p0000-A_s2_year,COPERNICUS/S2_SR_HARMONIZED,"B1,B2,B3,B4,B5,B6,B7,B8,B8A,B9,B11,B12",2018-10-25T15:36:19Z,2018-07-27T15:36:19Z,2019-01-23T15:36:19Z,2018-10-30T17:35:17Z,20181030T172439_20181030T173323_T14RKV,17.129402,0,31.058043,-101.86319,would submit; candidates=43; source=image_time_expanded_90d
GAO20191020t153619p0000-C,year,submitted,ZUJ7W2MAKFUOG3I4M2GV66MA,READY,CM_S2_L2A_6TIME_GEE,GAO20191020t153619p0000-C_s2_year,COPERNICUS/S2_SR_HARMONIZED,"B1,B2,B3,B4,B5,B6,B7,B8,B8A,B9,B11,B12",2018-10-25T15:36:19Z,2018-07-27T15:36:19Z,2019-01-23T15:36:19Z,2018-10-30T17:35:17Z,20181030T172439_20181030T173323_T14RKV,17.129402,0,31.0748638,-101.39618,submitted; candidates=20; source=image_time_expanded_90d
GAO20191020t153619p0000-D,t0,submitted,MYM6UM7E7WGLK5FOO5PVBANY,READY,CM_S2_L2A_6TIME_GEE,GAO20191020t153619p0000-D_s2_0,COPERNICUS/S2_SR_HARMONIZED,"B1,B2,B3,B4,B5,B6,B7,B8,B8A,B9,B11,B12",2019-10-20T17:35:22Z,2019-10-19T05:35:22Z,2019-10-22T05:35:22Z,2019-10-20T17:35:22Z,20191020T172341_20191020T173303_T14RKV,0.000309,0,31.087929,-101.34022,submitted; candidates=1; source=image_time
GAO20191020t153619p0000-B,year,submitted,OTXL4CNPNWDRPNRNSCZDRUAT,READY,CM_S2_L2A_6TIME_GEE,GAO20191020t153619p0000-B_s2_year,COPERNICUS/S2_SR_HARMONIZED,"B1,B2,B3,B4,B5,B6,B7,B8,B8A,B9,B11,B12",2018-10-25T15:36:19Z,2018-07-27T15:36:19Z,2019-01-23T15:36:19Z,2018-10-30T17:35:17Z,20181030T172439_20181030T173323_T14RKV,17.129402,0,31.062984,-101.50541,submitted; candidates=20; source=image_time_expanded_90d
GAO20191020t153619p0000-A,t0,submitted,O4QD3L4O2ZHWIKLR4Z6IVCBS,READY,CM_S2_L2A_6TIME_GEE,GAO20191020t153619p0000-A_s2_0,COPERNICUS/S2_SR_HARMONIZED,"B1,B2,B3,B4,B5,B6,B7,B8,B8A,B9,B11,B12",2019-10-20T17:35:22Z,2019-10-19T05:35:22Z,2019-10-22T05:35:22Z,2019-10-20T17:35:22Z,20191020T172341_20191020T173303_T14RKV,0.000309,0,31.058043,-101.86319,submitted; candidates=2; source=image_time
GAO20191020t151740p0000-A,t0,submitted,T7HG4UJ5ICGKBQMOJSLOOL5L,READY,CM_S2_L2A_6TIME_GEE,GAO20191020t151740p0000-A_s2_0,COPERNICUS/S2_SR_HARMONIZED,"B1,B2,B3,B4,B5,B6,B7,B8,B8A,B9,B11,B12",2019-10-20T17:35:22Z,2019-10-19T05:35:22Z,2019-10-22T05:35:22Z,2019-10-20T17:35:22Z,20191020T172341_20191020T173303_T14RKV,0.000309,0,31.087769,-101.34025,submitted; candidates=1; source=image_time
GAO20191020t151740p0000-A,year,submitted,WIS7QLRGM2JOGOG64ZGIUEPX,READY,CM_S2_L2A_6TIME_GEE,GAO20191020t151740p0000-A_s2_year,COPERNICUS/S2_SR_HARMONIZED,"B1,B2,B3,B4,B5,B6,B7,B8,B8A,B9,B11,B12",2018-10-25T15:17:40Z,2018-07-27T15:17:40Z,2019-01-23T15:17:40Z,2018-10-30T17:35:17Z,20181030T172439_20181030T173323_T14RKV,17.129402,0,31.087769,-101.34025,submitted; candidates=20; source=image_time_expanded_90d
GAO20191020t153619p0000-B,t0,submitted,NGGQOY2OYUBRGOV7UDBHVCLF,READY,CM_S2_L2A_6TIME_GEE,GAO20191020t153619p0000-B_s2_0,COPERNICUS/S2_SR_HARMONIZED,"B1,B2,B3,B4,B5,B6,B7,B8,B8A,B9,B11,B12",2019-10-20T17:35:22Z,2019-10-19T05:35:22Z,2019-10-22T05:35:22Z,2019-10-20T17:35:22Z,20191020T172341_20191020T173303_T14RKV,0.000309,0,31.062984,-101.50541,submitted; candidates=1; source=image_time
GAO20191020t151740p0000-A,seasonal,submitted,UT3BIPUNYAPVXGPC5S6NGFGW,READY,CM_S2_L2A_6TIME_GEE,GAO20191020t151740p0000-A_s2_seasonal,COPERNICUS/S2_SR_HARMONIZED,"B1,B2,B3,B4,B5,B6,B7,B8,B8A,B9,B11,B12",2019-07-22T15:17:40Z,2019-05-23T15:17:40Z,2019-09-20T15:17:40Z,2019-07-17T17:35:28Z,20190717T171909_20190717T172856_T14RKV,6.903945,0,31.087769,-101.34025,submitted; candidates=13; source=image_time_expanded_60d
GAO20191020t155133p0000-A,t0,submitted,UOENDTH7WY7WZVQWGJ3EH3W6,READY,CM_S2_L2A_6TIME_GEE,GAO20191020t155133p0000-A_s2_0,COPERNICUS/S2_SR_HARMONIZED,"B1,B2,B3,B4,B5,B6,B7,B8,B8A,B9,B11,B12",2019-10-20T17:35:22Z,2019-10-19T05:35:22Z,2019-10-22T05:35:22Z,2019-10-20T17:35:22Z,20191020T172341_20191020T173303_T14RKV,0.000309,0,31.0629493,-101.50558,submitted; candidates=1; source=image_time
GAO20191020t153619p0000-C,t0,submitted,7JK5RFALZFOULUWMNQXZCLMU,READY,CM_S2_L2A_6TIME_GEE,GAO20191020t153619p0000-C_s2_0,COPERNICUS/S2_SR_HARMONIZED,"B1,B2,B3,B4,B5,B6,B7,B8,B8A,B9,B11,B12",2019-10-20T17:35:22Z,2019-10-19T05:35:22Z,2019-10-22T05:35:22Z,2019-10-20T17:35:22Z,20191020T172341_20191020T173303_T14RKV,0.000309,0,31.0748638,-101.39618,submitted; candidates=1; source=image_time
GAO20191020t153619p0000-B,seasonal,submitted,3OO5FC4U6DBWSB2KWJELX67X,READY,CM_S2_L2A_6TIME_GEE,GAO20191020t153619p0000-B_s2_seasonal,COPERNICUS/S2_SR_HARMONIZED,"B1,B2,B3,B4,B5,B6,B7,B8,B8A,B9,B11,B12",2019-07-22T15:36:19Z,2019-05-23T15:36:19Z,2019-09-20T15:36:19Z,2019-07-17T17:35:28Z,20190717T171909_20190717T172856_T14RKV,6.903945,0,31.062984,-101.50541,submitted; candidates=13; source=image_time_expanded_60d
GAO20191020t153619p0000-D,seasonal,submitted,YBASPYUQ53PQN54OGFI6OMPH,READY,CM_S2_L2A_6TIME_GEE,GAO20191020t153619p0000-D_s2_seasonal,COPERNICUS/S2_SR_HARMONIZED,"B1,B2,B3,B4,B5,B6,B7,B8,B8A,B9,B11,B12",2019-07-22T15:36:19Z,2019-05-23T15:36:19Z,2019-09-20T15:36:19Z,2019-07-17T17:35:28Z,20190717T171909_20190717T172856_T14RKV,6.903945,0,31.087929,-101.34022,submitted; candidates=13; source=image_time_expanded_60d
GAO20191020t153619p0000-A,seasonal,submitted,VAVTIXMJP3FKC3QHA5JXN454,READY,CM_S2_L2A_6TIME_GEE,GAO20191020t153619p0000-A_s2_seasonal,COPERNICUS/S2_SR_HARMONIZED,"B1,B2,B3,B4,B5,B6,B7,B8,B8A,B9,B11,B12",2019-07-22T15:36:19Z,2019-05-23T15:36:19Z,2019-09-20T15:36:19Z,2019-07-17T17:35:30Z,20190717T171909_20190717T172856_T13RGQ,11.571305,17.830382,31.058043,-101.86319,submitted; candidates=26; source=image_time_expanded_60d
GAO20191020t153619p0000-A,year,submitted,XSOJ47BHTFHVFR7DVL4VLRSL,READY,CM_S2_L2A_6TIME_GEE,GAO20191020t153619p0000-A_s2_year,COPERNICUS/S2_SR_HARMONIZED,"B1,B2,B3,B4,B5,B6,B7,B8,B8A,B9,B11,B12",2018-10-25T15:36:19Z,2018-07-27T15:36:19Z,2019-01-23T15:36:19Z,2018-10-30T17:35:17Z,20181030T172439_20181030T173323_T14RKV,17.129402,0,31.058043,-101.86319,submitted; candidates=43; source=image_time_expanded_90d
GAO20191020t153619p0000-C,seasonal,submitted,AW3M27YIGVRHDNH3TK3AOJDP,READY,CM_S2_L2A_6TIME_GEE,GAO20191020t153619p0000-C_s2_seasonal,COPERNICUS/S2_SR_HARMONIZED,"B1,B2,B3,B4,B5,B6,B7,B8,B8A,B9,B11,B12",2019-07-22T15:36:19Z,2019-05-23T15:36:19Z,2019-09-20T15:36:19Z,2019-07-17T17:35:28Z,20190717T171909_20190717T172856_T14RKV,6.903945,0,31.0748638,-101.39618,submitted; candidates=13; source=image_time_expanded_60d
GAO20191020t153619p0000-D,year,submitted,J2ACH7OV3UK7GBGVJSF3L3B4,READY,CM_S2_L2A_6TIME_GEE,GAO20191020t153619p0000-D_s2_year,COPERNICUS/S2_SR_HARMONIZED,"B1,B2,B3,B4,B5,B6,B7,B8,B8A,B9,B11,B12",2018-10-25T15:36:19Z,2018-07-27T15:36:19Z,2019-01-23T15:36:19Z,2018-10-30T17:35:17Z,20181030T172439_20181030T173323_T14RKV,17.129402,0,31.087929,-101.34022,submitted; candidates=20; source=image_time_expanded_90d
GAO20191020t163829p0000-C,t0,submitted,7X645UXURYLIVRJ4X5LMGIJS,READY,CM_S2_L2A_6TIME_GEE,GAO20191020t163829p0000-C_s2_0,COPERNICUS/S2_SR_HARMONIZED,"B1,B2,B3,B4,B5,B6,B7,B8,B8A,B9,B11,B12",2019-10-20T17:35:08Z,2019-10-19T05:35:08Z,2019-10-22T05:35:08Z,2019-10-20T17:35:08Z,20191020T172341_20191020T173303_T14SKA,0.003411,0,31.826375,-102.10681,submitted; candidates=2; source=image_time
GAO20191020t163829p0000-B,t0,submitted,4HXWU5LE3VD4QQRDR3IBE5TD,READY,CM_S2_L2A_6TIME_GEE,GAO20191020t163829p0000-B_s2_0,COPERNICUS/S2_SR_HARMONIZED,"B1,B2,B3,B4,B5,B6,B7,B8,B8A,B9,B11,B12",2019-10-20T17:35:08Z,2019-10-19T05:35:08Z,2019-10-22T05:35:08Z,2019-10-20T17:35:08Z,20191020T172341_20191020T173303_T14SKA,0.003411,0,31.8299163,-101.80811,submitted; candidates=2; source=image_time
GAO20191020t161013p0000-B,seasonal,submitted,7AC4ZSM4PLQ2YIVUDRH53OXL,READY,CM_S2_L2A_6TIME_GEE,GAO20191020t161013p0000-B_s2_seasonal,COPERNICUS/S2_SR_HARMONIZED,"B1,B2,B3,B4,B5,B6,B7,B8,B8A,B9,B11,B12",2019-07-22T16:10:13Z,2019-05-23T16:10:13Z,2019-09-20T16:10:13Z,2019-07-20T17:45:26Z,20190720T172909_20190720T173623_T13RGQ,0.018521,26.891458,31.0234005,-102.24419,submitted; candidates=29; source=image_time_expanded_60d
GAO20191020t163829p0000-A,year,submitted,GCUYDESADVD6TQG2JMVGWVG2,READY,CM_S2_L2A_6TIME_GEE,GAO20191020t163829p0000-A_s2_year,COPERNICUS/S2_SR_HARMONIZED,"B1,B2,B3,B4,B5,B6,B7,B8,B8A,B9,B11,B12",2018-10-25T16:38:29Z,2018-07-27T16:38:29Z,2019-01-23T16:38:29Z,2018-10-28T17:44:56Z,20181028T173431_20181028T173500_T14SKA,0.003124,66.65433,31.845004,-101.7723,submitted; candidates=66; source=image_time_expanded_90d
GAO20191020t163829p0000-A,t0,submitted,CVCU5IL6DVC7JYGB2SME3MUK,READY,CM_S2_L2A_6TIME_GEE,GAO20191020t163829p0000-A_s2_0,COPERNICUS/S2_SR_HARMONIZED,"B1,B2,B3,B4,B5,B6,B7,B8,B8A,B9,B11,B12",2019-10-20T17:35:08Z,2019-10-19T05:35:08Z,2019-10-22T05:35:08Z,2019-10-20T17:35:08Z,20191020T172341_20191020T173303_T14SKA,0.003411,0,31.845004,-101.7723,submitted; candidates=2; source=image_time
GAO20191020t161013p0000-B,t0,submitted,VSTS3ZVTNGTRNJHI3MJ5VIY3,READY,CM_S2_L2A_6TIME_GEE,GAO20191020t161013p0000-B_s2_0,COPERNICUS/S2_SR_HARMONIZED,"B1,B2,B3,B4,B5,B6,B7,B8,B8A,B9,B11,B12",2019-10-20T17:35:25Z,2019-10-19T05:35:25Z,2019-10-22T05:35:25Z,2019-10-20T17:35:25Z,20191020T172341_20191020T173303_T13RGQ,0.000419,17.593499,31.0234005,-102.24419,submitted; candidates=1; source=image_time
GAO20191020t163829p0000-B,seasonal,submitted,NMKCEKLS3NUAJ7XHDOMM22SM,READY,CM_S2_L2A_6TIME_GEE,GAO20191020t163829p0000-B_s2_seasonal,COPERNICUS/S2_SR_HARMONIZED,"B1,B2,B3,B4,B5,B6,B7,B8,B8A,B9,B11,B12",2019-07-22T16:38:29Z,2019-05-23T16:38:29Z,2019-09-20T16:38:29Z,2019-07-20T17:45:11Z,20190720T172909_20190720T173623_T13SGR,0.00912,7.018268,31.8299163,-101.80811,submitted; candidates=53; source=image_time_expanded_60d
GAO20191020t155133p0000-A,seasonal,submitted,5DFK2OEM5OBAFXSQKSDFXH2W,READY,CM_S2_L2A_6TIME_GEE,GAO20191020t155133p0000-A_s2_seasonal,COPERNICUS/S2_SR_HARMONIZED,"B1,B2,B3,B4,B5,B6,B7,B8,B8A,B9,B11,B12",2019-07-22T15:51:33Z,2019-05-23T15:51:33Z,2019-09-20T15:51:33Z,2019-07-17T17:35:28Z,20190717T171909_20190717T172856_T14RKV,6.903945,0,31.0629493,-101.50558,submitted; candidates=13; source=image_time_expanded_60d
GAO20191020t163829p0000-A,seasonal,submitted,4NYLQTOFQNELD5KA2RXY72M4,READY,CM_S2_L2A_6TIME_GEE,GAO20191020t163829p0000-A_s2_seasonal,COPERNICUS/S2_SR_HARMONIZED,"B1,B2,B3,B4,B5,B6,B7,B8,B8A,B9,B11,B12",2019-07-22T16:38:29Z,2019-05-23T16:38:29Z,2019-09-20T16:38:29Z,2019-07-20T17:45:11Z,20190720T172909_20190720T173623_T13SGR,0.00912,7.018268,31.845004,-101.7723,submitted; candidates=48; source=image_time_expanded_60d
GAO20191020t161013p0000-A,t0,submitted,7AUXVX7LJTKWYSYPAMZUSL3I,READY,CM_S2_L2A_6TIME_GEE,GAO20191020t161013p0000-A_s2_0,COPERNICUS/S2_SR_HARMONIZED,"B1,B2,B3,B4,B5,B6,B7,B8,B8A,B9,B11,B12",2019-10-20T17:35:25Z,2019-10-19T05:35:25Z,2019-10-22T05:35:25Z,2019-10-20T17:35:25Z,20191020T172341_20191020T173303_T13RGQ,0.000419,17.593499,31.0243397,-102.24257,submitted; candidates=1; source=image_time
GAO20191020t155133p0000-A,year,submitted,NZWDMNANFIRC2JM4WUIJ7E3B,READY,CM_S2_L2A_6TIME_GEE,GAO20191020t155133p0000-A_s2_year,COPERNICUS/S2_SR_HARMONIZED,"B1,B2,B3,B4,B5,B6,B7,B8,B8A,B9,B11,B12",2018-10-25T15:51:33Z,2018-07-27T15:51:33Z,2019-01-23T15:51:33Z,2018-10-30T17:35:17Z,20181030T172439_20181030T173323_T14RKV,17.129402,0,31.0629493,-101.50558,submitted; candidates=20; source=image_time_expanded_90d
GAO20191020t163829p0000-B,year,submitted,EUPRG2XZNGCOPY47NVVK2CFY,READY,CM_S2_L2A_6TIME_GEE,GAO20191020t163829p0000-B_s2_year,COPERNICUS/S2_SR_HARMONIZED,"B1,B2,B3,B4,B5,B6,B7,B8,B8A,B9,B11,B12",2018-10-25T16:38:29Z,2018-07-27T16:38:29Z,2019-01-23T16:38:29Z,2018-10-28T17:44:56Z,20181028T173431_20181028T173500_T14SKA,0.003124,66.65433,31.8299163,-101.80811,submitted; candidates=69; source=image_time_expanded_90d
GAO20191020t161013p0000-B,year,submitted,JHYSVSG4YLJ6T2K3H45OSV2I,READY,CM_S2_L2A_6TIME_GEE,GAO20191020t161013p0000-B_s2_year,COPERNICUS/S2_SR_HARMONIZED,"B1,B2,B3,B4,B5,B6,B7,B8,B8A,B9,B11,B12",2018-10-25T16:10:13Z,2018-07-27T16:10:13Z,2019-01-23T16:10:13Z,2018-10-28T17:45:13Z,20181028T173431_20181028T173500_T13RGQ,0.001739,26.371932,31.0234005,-102.24419,submitted; candidates=36; source=image_time_expanded_90d
GAO20191020t161013p0000-A,seasonal,submitted,D6GHTAOHPEAJAMIVPISH6ASK,READY,CM_S2_L2A_6TIME_GEE,GAO20191020t161013p0000-A_s2_seasonal,COPERNICUS/S2_SR_HARMONIZED,"B1,B2,B3,B4,B5,B6,B7,B8,B8A,B9,B11,B12",2019-07-22T16:10:13Z,2019-05-23T16:10:13Z,2019-09-20T16:10:13Z,2019-07-20T17:45:26Z,20190720T172909_20190720T173623_T13RGQ,0.018521,26.891458,31.0243397,-102.24257,submitted; candidates=29; source=image_time_expanded_60d
GAO20191020t163829p0000-C,seasonal,submitted,REMXD2ADZUJBE7HCW3T4NRQ2,READY,CM_S2_L2A_6TIME_GEE,GAO20191020t163829p0000-C_s2_seasonal,COPERNICUS/S2_SR_HARMONIZED,"B1,B2,B3,B4,B5,B6,B7,B8,B8A,B9,B11,B12",2019-07-22T16:38:29Z,2019-05-23T16:38:29Z,2019-09-20T16:38:29Z,2019-07-20T17:45:11Z,20190720T172909_20190720T173623_T13SGR,0.00912,7.018268,31.826375,-102.10681,submitted; candidates=55; source=image_time_expanded_60d
GAO20191020t161013p0000-A,year,submitted,O5DRC4ELNHEUIU7L53BY6Z4R,READY,CM_S2_L2A_6TIME_GEE,GAO20191020t161013p0000-A_s2_year,COPERNICUS/S2_SR_HARMONIZED,"B1,B2,B3,B4,B5,B6,B7,B8,B8A,B9,B11,B12",2018-10-25T16:10:13Z,2018-07-27T16:10:13Z,2019-01-23T16:10:13Z,2018-10-28T17:45:13Z,20181028T173431_20181028T173500_T13RGQ,0.001739,26.371932,31.0243397,-102.24257,submitted; candidates=36; source=image_time_expanded_90d
GAO20191020t165717p0000-A,seasonal,submitted,YNRGG5DY5AO3PCVA3T44M3XG,READY,CM_S2_L2A_6TIME_GEE,GAO20191020t165717p0000-A_s2_seasonal,COPERNICUS/S2_SR_HARMONIZED,"B1,B2,B3,B4,B5,B6,B7,B8,B8A,B9,B11,B12",2019-07-22T16:57:17Z,2019-05-23T16:57:17Z,2019-09-20T16:57:17Z,2019-07-17T17:35:15Z,20190717T171909_20190717T172856_T13SGR,15.241268,36.046442,31.8592427,-101.72182,submitted; candidates=22; source=image_time_expanded_60d
GAO20191020t165717p0000-C,seasonal,submitted,5XO6DK53IC5TWRSZXGB3VEY4,READY,CM_S2_L2A_6TIME_GEE,GAO20191020t165717p0000-C_s2_seasonal,COPERNICUS/S2_SR_HARMONIZED,"B1,B2,B3,B4,B5,B6,B7,B8,B8A,B9,B11,B12",2019-07-22T16:57:17Z,2019-05-23T16:57:17Z,2019-09-20T16:57:17Z,2019-07-17T17:35:13Z,20190717T171909_20190717T172856_T14SKA,12.575993,0,31.8720702,-101.6337,submitted; candidates=11; source=image_time_expanded_60d
GAO20191020t163829p0000-C,year,submitted,E3RIZB5FMCO75HKG3ZGI7KBV,READY,CM_S2_L2A_6TIME_GEE,GAO20191020t163829p0000-C_s2_year,COPERNICUS/S2_SR_HARMONIZED,"B1,B2,B3,B4,B5,B6,B7,B8,B8A,B9,B11,B12",2018-10-25T16:38:29Z,2018-07-27T16:38:29Z,2019-01-23T16:38:29Z,2018-10-28T17:44:56Z,20181028T173431_20181028T173500_T14SKA,0.003124,66.65433,31.826375,-102.10681,submitted; candidates=69; source=image_time_expanded_90d
GAO20191020t165717p0000-A,t0,submitted,QTMNMFW6A5KPA6DRN5HBH3AK,READY,CM_S2_L2A_6TIME_GEE,GAO20191020t165717p0000-A_s2_0,COPERNICUS/S2_SR_HARMONIZED,"B1,B2,B3,B4,B5,B6,B7,B8,B8A,B9,B11,B12",2019-10-20T17:35:08Z,2019-10-19T05:35:08Z,2019-10-22T05:35:08Z,2019-10-20T17:35:08Z,20191020T172341_20191020T173303_T14SKA,0.003411,0,31.8592427,-101.72182,submitted; candidates=2; source=image_time
GAO20191020t163829p0000-D,t0,submitted,4UNCRCUS3HF6UBUL66AX635U,READY,CM_S2_L2A_6TIME_GEE,GAO20191020t163829p0000-D_s2_0,COPERNICUS/S2_SR_HARMONIZED,"B1,B2,B3,B4,B5,B6,B7,B8,B8A,B9,B11,B12",2019-10-20T17:35:08Z,2019-10-19T05:35:08Z,2019-10-22T05:35:08Z,2019-10-20T17:35:08Z,20191020T172341_20191020T173303_T14SKA,0.003411,0,31.826343,-102.11335,submitted; candidates=2; source=image_time
GAO20191020t165717p0000-C,t0,submitted,6RJHNHZHFO7723SCTMBV6CIR,READY,CM_S2_L2A_6TIME_GEE,GAO20191020t165717p0000-C_s2_0,COPERNICUS/S2_SR_HARMONIZED,"B1,B2,B3,B4,B5,B6,B7,B8,B8A,B9,B11,B12",2019-10-20T17:35:08Z,2019-10-19T05:35:08Z,2019-10-22T05:35:08Z,2019-10-20T17:35:08Z,20191020T172341_20191020T173303_T14SKA,0.003411,0,31.8720702,-101.6337,submitted; candidates=1; source=image_time
GAO20191020t165717p0000-B,t0,submitted,PL5R66YS7DWWB5LKYMHGKESW,READY,CM_S2_L2A_6TIME_GEE,GAO20191020t165717p0000-B_s2_0,COPERNICUS/S2_SR_HARMONIZED,"B1,B2,B3,B4,B5,B6,B7,B8,B8A,B9,B11,B12",2019-10-20T17:35:08Z,2019-10-19T05:35:08Z,2019-10-22T05:35:08Z,2019-10-20T17:35:08Z,20191020T172341_20191020T173303_T14SKA,0.003411,0,31.845123,-101.77195,submitted; candidates=2; source=image_time
GAO20191020t165717p0000-D,t0,submitted,JCKI5L4MEAIHJ5LIWRQRJX2V,READY,CM_S2_L2A_6TIME_GEE,GAO20191020t165717p0000-D_s2_0,COPERNICUS/S2_SR_HARMONIZED,"B1,B2,B3,B4,B5,B6,B7,B8,B8A,B9,B11,B12",2019-10-20T17:35:08Z,2019-10-19T05:35:08Z,2019-10-22T05:35:08Z,2019-10-20T17:35:08Z,20191020T172341_20191020T173303_T14SKA,0.003411,0,31.8394815,-102.14006,submitted; candidates=2; source=image_time
GAO20191020t165717p0000-D,year,submitted,HWE36D4BCMGES7SHU3ZRJMMI,READY,CM_S2_L2A_6TIME_GEE,GAO20191020t165717p0000-D_s2_year,COPERNICUS/S2_SR_HARMONIZED,"B1,B2,B3,B4,B5,B6,B7,B8,B8A,B9,B11,B12",2018-10-25T16:57:17Z,2018-07-27T16:57:17Z,2019-01-23T16:57:17Z,2018-10-28T17:44:56Z,20181028T173431_20181028T173500_T14SKA,0.003124,66.65433,31.8394815,-102.14006,submitted; candidates=69; source=image_time_expanded_90d
GAO20191020t165717p0000-B,seasonal,submitted,EKSSHQERRDONK5IZTRP735ZU,READY,CM_S2_L2A_6TIME_GEE,GAO20191020t165717p0000-B_s2_seasonal,COPERNICUS/S2_SR_HARMONIZED,"B1,B2,B3,B4,B5,B6,B7,B8,B8A,B9,B11,B12",2019-07-22T16:57:17Z,2019-05-23T16:57:17Z,2019-09-20T16:57:17Z,2019-07-20T17:45:11Z,20190720T172909_20190720T173623_T13SGR,0.00912,7.018268,31.845123,-101.77195,submitted; candidates=46; source=image_time_expanded_60d
GAO20191020t163829p0000-D,year,submitted,CBDDMZENS5UOOWD5B453NBAZ,READY,CM_S2_L2A_6TIME_GEE,GAO20191020t163829p0000-D_s2_year,COPERNICUS/S2_SR_HARMONIZED,"B1,B2,B3,B4,B5,B6,B7,B8,B8A,B9,B11,B12",2018-10-25T16:38:29Z,2018-07-27T16:38:29Z,2019-01-23T16:38:29Z,2018-10-28T17:44:56Z,20181028T173431_20181028T173500_T14SKA,0.003124,66.65433,31.826343,-102.11335,submitted; candidates=69; source=image_time_expanded_90d
GAO20191020t165717p0000-A,year,submitted,F5MLPVVPG2IYZPMZUL2ZL36N,READY,CM_S2_L2A_6TIME_GEE,GAO20191020t165717p0000-A_s2_year,COPERNICUS/S2_SR_HARMONIZED,"B1,B2,B3,B4,B5,B6,B7,B8,B8A,B9,B11,B12",2018-10-25T16:57:17Z,2018-07-27T16:57:17Z,2019-01-23T16:57:17Z,2018-10-30T17:35:04Z,20181030T172439_20181030T173323_T13SGR,18.615584,36.004519,31.8592427,-101.72182,submitted; candidates=40; source=image_time_expanded_90d
GAO20191020t163829p0000-D,seasonal,submitted,Q6QDUEKVP43ZGMX3U62METIA,READY,CM_S2_L2A_6TIME_GEE,GAO20191020t163829p0000-D_s2_seasonal,COPERNICUS/S2_SR_HARMONIZED,"B1,B2,B3,B4,B5,B6,B7,B8,B8A,B9,B11,B12",2019-07-22T16:38:29Z,2019-05-23T16:38:29Z,2019-09-20T16:38:29Z,2019-07-20T17:45:11Z,20190720T172909_20190720T173623_T13SGR,0.00912,7.018268,31.826343,-102.11335,submitted; candidates=55; source=image_time_expanded_60d
GAO20191020t165717p0000-B,year,submitted,I5OYVDV4UCWUVPHQJOOSRMHS,READY,CM_S2_L2A_6TIME_GEE,GAO20191020t165717p0000-B_s2_year,COPERNICUS/S2_SR_HARMONIZED,"B1,B2,B3,B4,B5,B6,B7,B8,B8A,B9,B11,B12",2018-10-25T16:57:17Z,2018-07-27T16:57:17Z,2019-01-23T16:57:17Z,2018-10-28T17:44:56Z,20181028T173431_20181028T173500_T14SKA,0.003124,66.65433,31.845123,-101.77195,submitted; candidates=64; source=image_time_expanded_90d
GAO20191020t165717p0000-C,year,submitted,Y3LYSMCOMAUFWJNQPLGKZYZM,READY,CM_S2_L2A_6TIME_GEE,GAO20191020t165717p0000-C_s2_year,COPERNICUS/S2_SR_HARMONIZED,"B1,B2,B3,B4,B5,B6,B7,B8,B8A,B9,B11,B12",2018-10-25T16:57:17Z,2018-07-27T16:57:17Z,2019-01-23T16:57:17Z,2018-10-10T17:35:01Z,20181010T172229_20181010T172920_T14SKA,3.764928,0,31.8720702,-101.6337,submitted; candidates=20; source=image_time_expanded_90d
GAO20191020t165717p0000-D,seasonal,submitted,V6TX4I6ZFY6TKLPBYB2RDTRP,READY,CM_S2_L2A_6TIME_GEE,GAO20191020t165717p0000-D_s2_seasonal,COPERNICUS/S2_SR_HARMONIZED,"B1,B2,B3,B4,B5,B6,B7,B8,B8A,B9,B11,B12",2019-07-22T16:57:17Z,2019-05-23T16:57:17Z,2019-09-20T16:57:17Z,2019-07-20T17:45:11Z,20190720T172909_20190720T173623_T13SGR,0.00912,7.018268,31.8394815,-102.14006,submitted; candidates=55; source=image_time_expanded_60d
GAO20191020t171158p0000-A,t0,submitted,UMZT7R3SGMG63N7GR3VOOYSS,READY,CM_S2_L2A_6TIME_GEE,GAO20191020t171158p0000-A_s2_0,COPERNICUS/S2_SR_HARMONIZED,"B1,B2,B3,B4,B5,B6,B7,B8,B8A,B9,B11,B12",2019-10-20T17:35:08Z,2019-10-19T05:35:08Z,2019-10-22T05:35:08Z,2019-10-20T17:35:08Z,20191020T172341_20191020T173303_T14SKA,0.003411,0,31.8803317,-101.34136,submitted; candidates=1; source=image_time
GAO20191020t165717p0000-E,seasonal,submitted,MO7DNL7CUKXKEBQRAL7Y54A3,READY,CM_S2_L2A_6TIME_GEE,GAO20191020t165717p0000-E_s2_seasonal,COPERNICUS/S2_SR_HARMONIZED,"B1,B2,B3,B4,B5,B6,B7,B8,B8A,B9,B11,B12",2019-07-22T16:57:17Z,2019-05-23T16:57:17Z,2019-09-20T16:57:17Z,2019-07-20T17:45:11Z,20190720T172909_20190720T173623_T13SGR,0.00912,7.018268,31.8439625,-102.03459,submitted; candidates=53; source=image_time_expanded_60d
GAO20191020t171158p0000-B,t0,submitted,ONO2BTDV4NG43R7S4STOKRO7,READY,CM_S2_L2A_6TIME_GEE,GAO20191020t171158p0000-B_s2_0,COPERNICUS/S2_SR_HARMONIZED,"B1,B2,B3,B4,B5,B6,B7,B8,B8A,B9,B11,B12",2019-10-20T17:35:08Z,2019-10-19T05:35:08Z,2019-10-22T05:35:08Z,2019-10-20T17:35:08Z,20191020T172341_20191020T173303_T14SKA,0.003411,0,31.872175,-101.63379,submitted; candidates=1; source=image_time
GAO20191020t171158p0000-A,seasonal,submitted,4Y5LDMANWD6IC7PBRFKNK4YO,READY,CM_S2_L2A_6TIME_GEE,GAO20191020t171158p0000-A_s2_seasonal,COPERNICUS/S2_SR_HARMONIZED,"B1,B2,B3,B4,B5,B6,B7,B8,B8A,B9,B11,B12",2019-07-22T17:11:58Z,2019-05-23T17:11:58Z,2019-09-20T17:11:58Z,2019-07-17T17:35:13Z,20190717T171909_20190717T172856_T14SKA,12.575993,0,31.8803317,-101.34136,submitted; candidates=11; source=image_time_expanded_60d
GAO20191020t171158p0000-A,year,submitted,SMMLNTBOBKIF2K7VJLIL6EHO,READY,CM_S2_L2A_6TIME_GEE,GAO20191020t171158p0000-A_s2_year,COPERNICUS/S2_SR_HARMONIZED,"B1,B2,B3,B4,B5,B6,B7,B8,B8A,B9,B11,B12",2018-10-25T17:11:58Z,2018-07-27T17:11:58Z,2019-01-23T17:11:58Z,2018-10-10T17:35:01Z,20181010T172229_20181010T172920_T14SKA,3.764928,0,31.8803317,-101.34136,submitted; candidates=20; source=image_time_expanded_90d
GAO20191020t171158p0000-E,t0,submitted,EOIYBKA6NVOJFOMSHO4M6JPD,READY,CM_S2_L2A_6TIME_GEE,GAO20191020t171158p0000-E_s2_0,COPERNICUS/S2_SR_HARMONIZED,"B1,B2,B3,B4,B5,B6,B7,B8,B8A,B9,B11,B12",2019-10-20T17:35:08Z,2019-10-19T05:35:08Z,2019-10-22T05:35:08Z,2019-10-20T17:35:08Z,20191020T172341_20191020T173303_T14SKA,0.003411,0,31.88306,-101.89235,submitted; candidates=2; source=image_time
GAO20191020t165717p0000-E,t0,submitted,L6JZ53DSLF633S6NVMLZ6TLT,READY,CM_S2_L2A_6TIME_GEE,GAO20191020t165717p0000-E_s2_0,COPERNICUS/S2_SR_HARMONIZED,"B1,B2,B3,B4,B5,B6,B7,B8,B8A,B9,B11,B12",2019-10-20T17:35:08Z,2019-10-19T05:35:08Z,2019-10-22T05:35:08Z,2019-10-20T17:35:08Z,20191020T172341_20191020T173303_T14SKA,0.003411,0,31.8439625,-102.03459,submitted; candidates=2; source=image_time
GAO20191020t171158p0000-D,seasonal,submitted,PMA6YCRU75UH5H7KKFIFDLBK,READY,CM_S2_L2A_6TIME_GEE,GAO20191020t171158p0000-D_s2_seasonal,COPERNICUS/S2_SR_HARMONIZED,"B1,B2,B3,B4,B5,B6,B7,B8,B8A,B9,B11,B12",2019-07-22T17:11:58Z,2019-05-23T17:11:58Z,2019-09-20T17:11:58Z,2019-07-20T17:45:11Z,20190720T172909_20190720T173623_T13SGR,0.00912,7.018268,31.889034,-101.86825,submitted; candidates=53; source=image_time_expanded_60d
GAO20191020t165717p0000-F,seasonal,submitted,TERECNHHUMUPGUPFX63OGGXI,READY,CM_S2_L2A_6TIME_GEE,GAO20191020t165717p0000-F_s2_seasonal,COPERNICUS/S2_SR_HARMONIZED,"B1,B2,B3,B4,B5,B6,B7,B8,B8A,B9,B11,B12",2019-07-22T16:57:17Z,2019-05-23T16:57:17Z,2019-09-20T16:57:17Z,2019-07-20T17:45:11Z,20190720T172909_20190720T173623_T13SGR,0.00912,7.018268,31.846346,-102.01765,submitted; candidates=53; source=image_time_expanded_60d
GAO20191020t165717p0000-E,year,submitted,ZSSACX4OMZXOLZZPWHXTPL2O,READY,CM_S2_L2A_6TIME_GEE,GAO20191020t165717p0000-E_s2_year,COPERNICUS/S2_SR_HARMONIZED,"B1,B2,B3,B4,B5,B6,B7,B8,B8A,B9,B11,B12",2018-10-25T16:57:17Z,2018-07-27T16:57:17Z,2019-01-23T16:57:17Z,2018-10-28T17:44:56Z,20181028T173431_20181028T173500_T14SKA,0.003124,66.65433,31.8439625,-102.03459,submitted; candidates=69; source=image_time_expanded_90d
GAO20191020t171158p0000-B,year,submitted,DG45FC35UIH5E6BSIHMLXOAC,READY,CM_S2_L2A_6TIME_GEE,GAO20191020t171158p0000-B_s2_year,COPERNICUS/S2_SR_HARMONIZED,"B1,B2,B3,B4,B5,B6,B7,B8,B8A,B9,B11,B12",2018-10-25T17:11:58Z,2018-07-27T17:11:58Z,2019-01-23T17:11:58Z,2018-10-10T17:35:01Z,20181010T172229_20181010T172920_T14SKA,3.764928,0,31.872175,-101.63379,submitted; candidates=20; source=image_time_expanded_90d
GAO20191020t165717p0000-F,t0,submitted,HICXTNS624DRMRI5VP7ESMTG,READY,CM_S2_L2A_6TIME_GEE,GAO20191020t165717p0000-F_s2_0,COPERNICUS/S2_SR_HARMONIZED,"B1,B2,B3,B4,B5,B6,B7,B8,B8A,B9,B11,B12",2019-10-20T17:35:08Z,2019-10-19T05:35:08Z,2019-10-22T05:35:08Z,2019-10-20T17:35:08Z,20191020T172341_20191020T173303_T14SKA,0.003411,0,31.846346,-102.01765,submitted; candidates=2; source=image_time
GAO20191020t171158p0000-D,t0,submitted,BDPW56HTJHT42OC3XJTKEBPB,READY,CM_S2_L2A_6TIME_GEE,GAO20191020t171158p0000-D_s2_0,COPERNICUS/S2_SR_HARMONIZED,"B1,B2,B3,B4,B5,B6,B7,B8,B8A,B9,B11,B12",2019-10-20T17:35:08Z,2019-10-19T05:35:08Z,2019-10-22T05:35:08Z,2019-10-20T17:35:08Z,20191020T172341_20191020T173303_T14SKA,0.003411,0,31.889034,-101.86825,submitted; candidates=2; source=image_time
GAO20191020t171158p0000-D,year,submitted,73YBSJG2NDGBDR4LWFZXNHDB,READY,CM_S2_L2A_6TIME_GEE,GAO20191020t171158p0000-D_s2_year,COPERNICUS/S2_SR_HARMONIZED,"B1,B2,B3,B4,B5,B6,B7,B8,B8A,B9,B11,B12",2018-10-25T17:11:58Z,2018-07-27T17:11:58Z,2019-01-23T17:11:58Z,2018-10-28T17:44:56Z,20181028T173431_20181028T173500_T14SKA,0.003124,66.65433,31.889034,-101.86825,submitted; candidates=69; source=image_time_expanded_90d
GAO20191020t165717p0000-F,year,submitted,JYCEN7SN2FVE6KFJKRUZ6EQX,READY,CM_S2_L2A_6TIME_GEE,GAO20191020t165717p0000-F_s2_year,COPERNICUS/S2_SR_HARMONIZED,"B1,B2,B3,B4,B5,B6,B7,B8,B8A,B9,B11,B12",2018-10-25T16:57:17Z,2018-07-27T16:57:17Z,2019-01-23T16:57:17Z,2018-10-28T17:44:56Z,20181028T173431_20181028T173500_T14SKA,0.003124,66.65433,31.846346,-102.01765,submitted; candidates=69; source=image_time_expanded_90d
GAO20191020t171158p0000-B,seasonal,submitted,2HF2VDNUVBCAKFMK3WEE5ESS,READY,CM_S2_L2A_6TIME_GEE,GAO20191020t171158p0000-B_s2_seasonal,COPERNICUS/S2_SR_HARMONIZED,"B1,B2,B3,B4,B5,B6,B7,B8,B8A,B9,B11,B12",2019-07-22T17:11:58Z,2019-05-23T17:11:58Z,2019-09-20T17:11:58Z,2019-07-17T17:35:13Z,20190717T171909_20190717T172856_T14SKA,12.575993,0,31.872175,-101.63379,submitted; candidates=11; source=image_time_expanded_60d
